{
    "ClientLoc.autoImportCompletionsStatusItem.name": "Režim dokončení automatického importu v Pythonu",
    "ClientLoc.autoImportCompletionsStatusItem.text": "Nabízet dokončení automatického importu: {0}",
    "ClientLoc.autoImportCompletionsStatusItem.titleOff": "Přepnout na vypnuto",
    "ClientLoc.autoImportCompletionsStatusItem.titleOn": "Přepnout na zapnuto",
    "ClientLoc.typeCheckingModeStatusItem.name": "Režim kontroly typů v Pythonu",
    "ClientLoc.typeCheckingModeStatusItem.text": "Kontrola typů: {0}",
    "ClientLoc.typeCheckingModeStatusItem.titleOff": "Přepnout na vypnuto",
    "ClientLoc.typeCheckingModeStatusItem.titleOn": "Přepnout na zapnuto",
    "ClientLoc.updateSettingsErrorMsgFormatted": "Aktualizace nastavení „{0}.{1}“ se nezdařila.",
    "Common.No": "Ne",
    "Common.Yes": "Ano",
    "Common.reload": "Načíst znovu",
    "Common.remindMeLater": "Připomenout později",
    "Insiders.installingPreRelease": "Probíhá instalace předběžného vydání buildu Pylance...",
    "LanguageServer.settingsMigratedMessage": "Nastavení použitelná pro Microsoft Language Server se zkopírovala do nastavení Společnosti Microsoft. Podrobnosti najdete v souborech settings.json.",
    "LanguageServer.settingsMigrationError": "Následující nastavení není možné migrovat:",
    "Refactoring.MoveSymbol.newFileDetail": "Zadejte cestu nebo vyberte cílový soubor",
    "Refactoring.MoveSymbol.newFileLabel": "Zadejte cestu k cílovému souboru.",
    "Refactoring.MoveSymbol.openDialogOpenLabel": "Vybrat",
    "Refactoring.MoveSymbol.openDialogTitle": "Vyberte nový soubor, do kterého chcete symbol přesunout...",
    "Refactoring.MoveSymbol.progressBarTitle": "Přesunout symbol do…",
    "Refactoring.MoveSymbol.quickPickPlaceHolder": "Hledat cílový soubor",
    "Refactoring.MoveSymbol.quickPickTitle": "Vyberte cíl pro přesun",
    "Refactoring.MoveSymbol.separatorText": "Cílové soubory",
    "settings.python.analysis.addImport.exactMatchOnly.description": "Nabídnout jenom přesné shody v akcích kódu přidat import",
    "settings.python.analysis.autoFormatStrings.description": "Při psaní {do řetězce automaticky před řetězec zadejte znak f.",
    "settings.python.analysis.autoImportCompletions.description": "Povolte dokončování automatického importu.",
    "settings.python.analysis.autoSearchPaths.description": "Automaticky přidat společné cesty pro hledání, třeba src.",
    "settings.python.analysis.completeFunctionParens.description": "Přidejte závorky do dokončování funkcí.",
    "settings.python.analysis.diagnosticMode.description": "Obor analýzy pro zobrazení diagnostiky.",
    "settings.python.analysis.diagnosticSeverityOverrides.description": "Umožňuje uživateli přepsat úrovně závažnosti pro jednotlivé diagnostiky. Jako klíč použijte název pravidla a jako hodnotu použijte jeden z „error“, „warning“, „information“, „none“, „true“ (alias pro „error“) nebo „false“ (alias pro none). Výchozí hodnota zobrazená pro každou diagnostiku je výchozí, pokud je vlastnost python.analysis.typeCheckingMode nastavena na hodnotu off. Výchozí hodnoty pro každý režim kontroly typů najdete [tady](https://github.com/microsoft/pyright/blob/main/docs/configuration.md#diagnostic-rule-defaults) („vypnuto“, „základní“ a „striktní“).",
    "settings.python.analysis.enablePytestSupport.description": "Povolí podporu pytestu v Pylance.",
    "settings.python.analysis.enableSyncServer.description": "Použijte režim synchronizačního serveru [Experimentální]. Jenom pro interní použití může dojít k tomu, že Pylance přestane fungovat.",
    "settings.python.analysis.exclude.description": "Cesty adresářů nebo souborů, které by neměly být zahrnuty. Tyto adresáře přepíší adresáře zahrnutí, což umožňuje vyloučit konkrétní podadresáře. Všimněte si, že soubory v cestách pro vyloučení mohou být i nadále zahrnuty do analýzy, pokud jsou odkazovány (importovány) zdrojovými soubory, které nejsou vyloučeny. Cesty můžou obsahovat zástupné znaky ** (adresář nebo více úrovní adresářů), * (posloupnost nulových nebo více znaků) nebo ? (jeden znak). Pokud nejsou zadané žádné cesty vyloučení, Automaticky vyloučí** /node_modules, **/__pycache__, .git a všechny adresáře virtuálního prostředí.",
    "settings.python.analysis.extraCommitChars.description": "Pokud je to možné, povolte použití znaku „.“ „,“ (jako potvrzovacích znaků).",
    "settings.python.analysis.extraPaths.description": "Další cesty k překladu hledání importu",
    "settings.python.analysis.fixAll.description": "opravy zdrojů, které se mají spustit při opravě všeho.",
    "settings.python.analysis.gotoDefinitionInStringLiteral.description": "U řetězcových literálů, které vypadají jako názvy modulů, umožňuje přejít k definici modulu.",
    "settings.python.analysis.ignore.description": "Cesty k adresářům nebo souborům, jejichž diagnostický výstup (chyby a upozornění) by se měl potlačit, i když se jedná o zahrnutý soubor nebo v rámci přechodného uzavření zahrnutého souboru. Cesty můžou obsahovat zástupné znaky ** (adresář nebo více úrovní adresářů), * (posloupnost nulových nebo více znaků) nebo ? (jeden znak).",
    "settings.python.analysis.importFormat.description": "Definuje výchozí formát pro modul importu.",
    "settings.python.analysis.include.description": "Cesty adresářů nebo souborů, které by měly být zahrnuty. Pokud nejsou zadány žádné cesty, Nastaví se výchozí nastavení kořenového adresáře pracovního prostoru. Cesty můžou obsahovat zástupné znaky ** (adresář nebo více úrovní adresářů), * (posloupnost nulových nebo více znaků) nebo ? (jeden znak).",
    "settings.python.analysis.indexing.description": "Povolte indexování nainstalovaných knihoven třetích stran a uživatelských souborů pro jazykové funkce, jako je automatický import, přidání importu, symboly pracovního prostoru atd.",
    "settings.python.analysis.inlayHints.callArgumentNames.description": "Povolit nebo zakázat pomocné parametry pro vložené texty pro názvy argumentů volání:\r\n```python\r\ndatetime('year='2019, 'month='10, 'day='27)\r\n```\r\n",
    "settings.python.analysis.inlayHints.functionReturnTypes.description": "Povolit nebo zakázat pomocné parametry vloženého kódu pro návratové typy funkcí:\r\n```python\r\ndef foo(x:int) '-> int':\r\n\tvrátit x\r\n```\r\n",
    "settings.python.analysis.inlayHints.pytestParameters.description": "Povolit nebo zakázat pomocné parametry inlay pro parametry funkce pytest:\r\n```python\r\ndef test_foo(my_fixture: str):\r\n\tassert(my_fixture == 'foo')\r\n```\r\n",
    "settings.python.analysis.inlayHints.variableTypes.description": "Povolte nebo zakažte vložené tipy pro proměnné typy:\r\n```python\r\nfoo':list[str]' = [\"a\"]\r\n \r\n```\r\n",
    "settings.python.analysis.logLevel.description": "Určuje úroveň protokolování pro panel Výstup.",
    "settings.python.analysis.packageIndexDepths.description": "Používá se k přepsání počtu úrovní v rámci nainstalovaných balíčků, které se mají indexovat na základě jednotlivých balíčků. Ve výchozím nastavení se indexují pouze moduly nejvyšší úrovně (hloubka = 1). Pokud chcete indexovat dílčí moduly, zvyšte hloubku o 1 pro každou úroveň dílčího modulu, který chcete indexovat. Přijímané hodnoty jsou:\r\n```JSON\r\n{\"name\": \"package name (str)\",\r\n \"depth\": \"depth to scan (int)\",\r\n \"includeAllSymbols\": \"whether to include all symbols (bool)\"}\r\n\r\n```\r\nPokud je možnost Zahrnout všechny symboly nastavená na false, budou zahrnuty pouze symboly v __all__ každého balíčku. Když je nastavená na true, Indexance indexuje všechny deklarace symbolů modulu nebo nejvyšší úrovně v souboru.  \r\n  \r\nPříklad použití: \r\n```JSON\r\n[\r\n\t{\"name\": \"sklearn\", \"depth\": 2, \"includeAllSymbols\": true},\r\n\t{\"name\": \"matplotlib\", \"depth\": 3, \"includeAllSymbols\": false}\r\n]\r\n\r\n```\r\n",
    "settings.python.analysis.persistAllIndices.description": "Indexy pro všechny knihovny třetích stran se budou uchovávat na disku.",
    "settings.python.analysis.stubPath.description": "Cesta k adresáři obsahujícímu soubory se zástupnými procedurami vlastních typů",
    "settings.python.analysis.typeshedPaths.description": "Cesty k vyhledání modulů s typem.",
    "settings.python.analysis.useLibraryCodeForTypes.description": "Pomocí implementací knihovny můžete extrahovat informace o typu, pokud není k dispozici zástupná procedura typu.",
    "settings.python.analysis.userFileIndexingLimit.description": "Maximální počet uživatelských souborů, které se mají indexovat v pracovním prostoru. Indexování souborů je úloha náročná na výkon. Pomocí tohoto nastavení můžete omezit počet souborů, které chcete indexovat. Pokud zadáte -1, budeme indexovat všechny soubory.",
    "settings.typecheckingMode.basic.description": "Všechna \"vypnutá\" pravidla + základní pravidla kontroly typů.",
    "settings.typecheckingMode.off.description": "Zobrazte diagnostiku pro neplatnou syntaxi, nerozpoznané importy, nedefinované proměnné.",
    "settings.typecheckingMode.standard.description": "Všechna \"vypnutá\" pravidla + základní pravidla kontroly typů + standardní pravidla kontroly typů",
    "settings.typecheckingMode.strict.description": "Všechna \"vypnutá\" pravidla + všechny pravidla kontroly typů."
}
