{
    "ClientLoc.autoImportCompletionsStatusItem.name": "Python Otomatik İçeri Aktarma Tamamlama Modu",
    "ClientLoc.autoImportCompletionsStatusItem.text": "Otomatik İçeri Aktarma Tamamlamaları: {0}",
    "ClientLoc.autoImportCompletionsStatusItem.titleOff": "Kapalı duruma geç",
    "ClientLoc.autoImportCompletionsStatusItem.titleOn": "Açık duruma geç",
    "ClientLoc.typeCheckingModeStatusItem.name": "Python Tür Denetimi Modu",
    "ClientLoc.typeCheckingModeStatusItem.text": "Tür Denetimi: {0}",
    "ClientLoc.typeCheckingModeStatusItem.titleOff": "Geçiş kapalı",
    "ClientLoc.typeCheckingModeStatusItem.titleOn": "Geçiş açık",
    "ClientLoc.updateSettingsErrorMsgFormatted": "'{0}.{1}' ayarı güncelleştirilemiyor.",
    "Common.No": "Hayır",
    "Common.Yes": "Evet",
    "Common.reload": "Yeniden yükle",
    "Common.remindMeLater": "Daha sonra anımsat",
    "Insiders.installingPreRelease": "Pylance yayın öncesi derlemesi yükleniyor...",
    "LanguageServer.settingsMigratedMessage": "Microsoft Language Server için geçerli olan ayarlar Pylance ayarlarına kopyalandı. Ayrıntılar için lütfen settings.json dosyasına bakın.",
    "LanguageServer.settingsMigrationError": "Aşağıdaki ayarlar geçirilemedi:",
    "Refactoring.MoveSymbol.newFileDetail": "Yolu girin veya hedef dosyayı seçin",
    "Refactoring.MoveSymbol.newFileLabel": "Hedef dosya yolunu girin",
    "Refactoring.MoveSymbol.openDialogOpenLabel": "Seç",
    "Refactoring.MoveSymbol.openDialogTitle": "Simgeyi taşımak istediğiniz yeni dosyayı seçin...",
    "Refactoring.MoveSymbol.progressBarTitle": "Simgeyi Taşı...",
    "Refactoring.MoveSymbol.quickPickPlaceHolder": "Hedef dosyayı ara",
    "Refactoring.MoveSymbol.quickPickTitle": "Taşınacak hedefi seçin",
    "Refactoring.MoveSymbol.separatorText": "Hedef Dosyalar",
    "settings.python.analysis.addImport.exactMatchOnly.description": "`add import` kodu eylemlerinde yalnızca tam eşleşmeleri önerin",
    "settings.python.analysis.autoFormatStrings.description": "Bir dizede '{' yazarken, dizeye otomatik olarak 'f' ön eki ekleyin.",
    "settings.python.analysis.autoImportCompletions.description": "Otomatik içe aktarma tamamlamalarını etkinleştirin.",
    "settings.python.analysis.autoSearchPaths.description": "‘Src” gibi ortak arama yollarını otomatik olarak ekleyin.",
    "settings.python.analysis.completeFunctionParens.description": "İşlev tamamlamalarına parantezler ekleyin.",
    "settings.python.analysis.diagnosticMode.description": "Tanılamayı göstermek için analiz kapsamı.",
    "settings.python.analysis.diagnosticSeverityOverrides.description": "Kullanıcının her bir tanılamanın önem düzeyini geçersiz kılmasına olanak tanır. Kural adını anahtar olarak ve \"hata\", \"uyarı\", \"bilgi\", \"yok\", `true` (\"hata\" için diğer ad) veya `false` (\"yok\" için diğer ad) ifadelerinden birini değer olarak kullanın. \"python.analysis.typeCheckingMode\" parametresi \"kapalı\" olarak ayarlandığında, her tanılama için gösterilen varsayılan değer “varsayılan” olur. Her tür denetimi modunun (\"kapalı\", \"temel\" ve \"katı\") varsayılanları için [buraya](https://github.com/microsoft/pyright/blob/main/docs/configuration.md#diagnostic-rule-defaults) bakın.",
    "settings.python.analysis.enablePytestSupport.description": "Pylance’de pytest desteğini etkinleştirir.",
    "settings.python.analysis.enableSyncServer.description": "Eşitleme sunucusu [Deneysel] modunu kullanın. Yalnızca kuruluş içinde kullanım için, Pylance’ın çalışmayı durdurmasına neden olabilir.",
    "settings.python.analysis.exclude.description": "Eklenmemesi gereken dizinlerin veya dosyaların yolları. Bunlar “dizin ekle” işlevini geçersiz kılar ve belirli alt dizinlerin dışlanmasına olanak tanır. Dışlanmayan kaynak dosyalar tarafından başvurulmaları (içeri aktarılmaları) durumunda, dışlama yollarındaki dosyaların analize eklenebileceğini unutmayın. Yollar joker karakterler ** (bir dizin veya birden çok dizin düzeyleri), * (bir sıfır dizisi veya daha fazla karakter) veya ? (tek bir karakter) içerebilir. Dışlama yolu belirtilmezse, Pylance şunları otomatik olarak dışlar: `**/node_modules`, `**/__pycache__`, `.git` ve tüm sanal ortam dizinleri.",
    "settings.python.analysis.extraCommitChars.description": "Uygunsa, '.', '(' karakterlerini işleme karakteri olarak kullanmaya izin verin.",
    "settings.python.analysis.extraPaths.description": "Ek içeri aktarma arama çözümleme yolları",
    "settings.python.analysis.fixAll.description": "tümünü düzelt altında çalıştırılacak kaynak düzeltmeleri.",
    "settings.python.analysis.gotoDefinitionInStringLiteral.description": "Modül adlarına benzeyen sabit değerli dizeler için, modüle gitmek üzere “Tanıma git” işlevini etkinleştirir.",
    "settings.python.analysis.ignore.description": "Eklenen bir dosya veya eklenen bir dosyanın geçici kapanışı içinde olsalar bile tanılama çıkışının (hatalar ve uyarılar) durdurulması gereken dizinlerin veya dosyaların yolları. Yollar joker karakterler ** (bir dizin veya birden çok dizin düzeyleri), * (bir sıfır dizisi veya daha fazla karakter) veya ? (tek bir karakter) içerebilir.",
    "settings.python.analysis.importFormat.description": "İçeri aktarma modülü için varsayılan biçimi tanımlar.",
    "settings.python.analysis.include.description": "Eklenmesi gereken dizinlerin veya dosyaların yolları. Yol belirtilmezse, Pylance çalışma alanı kök dizinini varsayılan olarak ayarlar. Yollar joker karakterler ** (bir dizin veya birden çok dizin düzeyleri), * (bir sıfır dizisi veya daha fazla karakter) veya ? (tek bir karakter) içerebilir.",
    "settings.python.analysis.indexing.description": "Otomatik içeri aktarma, içeri aktarmayı, çalışma alanı sembollerini vb. ekleme gibi dil özellikleri için yüklenen üçüncü taraf kitaplıkları ve kullanıcı dosyaları için dizin oluşturmayı etkinleştirin.",
    "settings.python.analysis.inlayHints.callArgumentNames.description": "Çağrı bağımsız değişken adları ile ilgili yerleşik ipuçlarını etkinleştirin/devre dışı bırakın:\r\n```python\r\ndatetime('year='2019, 'month='10, 'day='27)\r\n```\r\n",
    "settings.python.analysis.inlayHints.functionReturnTypes.description": "İşlev dönüş türleri ile ilgili yerleşik ipuçlarını etkinleştirin/devre dışı bırakın:\r\n```python\r\ndef foo(x:int) '-> int':\r\n\treturn x\r\n```\r\n",
    "settings.python.analysis.inlayHints.pytestParameters.description": "Pytest işlev parametreleri ile ilgili yerleşik ipuçlarını etkinleştirin/devre dışı bırakın:\r\n```python\r\ndef test_foo(my_fixture: 'str'):\r\n\tassert(my_fixture == 'foo')\r\n```\r\n",
    "settings.python.analysis.inlayHints.variableTypes.description": "Değişken türleri ile ilgili yerleşik ipuçlarını etkinleştirin/devre dışı bırakın:\r\n```python\r\nfoo':list[str]' = [\"a\"]\r\n \r\n```\r\n",
    "settings.python.analysis.logLevel.description": "Çıkış paneli için günlüğe kaydetme düzeyini belirtir",
    "settings.python.analysis.packageIndexDepths.description": "Yüklü paketler altında paket başına dizin oluşturulacak düzey sayısını geçersiz kılmak için kullanılır. Varsayılan olarak, yalnızca üst düzey modüllerin dizini oluşturulur (derinlik = 1). Alt modüllerin dizinini oluşturmak için, dizin oluşturmak istediğiniz alt modülün her düzeyi için derinliği 1 düzey artırın. Kabul edilen değerler şunlardır:\r\n```JSON\r\n{\"name\": \"package name (str)\",\r\n \"depth\": \"depth to scan (int)\",\r\n \"includeAllSymbols\": \"whether to include all symbols (bool)\"}\r\n\r\n```\r\n`include all symbols` parametresi `false` olarak ayarlanırsa, yalnızca her bir paketin `__all__` parametresi içindeki semboller eklenir. Bu parametre `true` olarak ayarlandığında, Pylance dosyadaki her modül/üst düzey sembol bildirimi için dizin oluşturur.  \r\n  \r\nKullanım örneği: \r\n```JSON\r\n[\r\n\t{\"name\": \"sklearn\", \"depth\": 2, \"includeAllSymbols\": true},\r\n\t{\"name\": \"matplotlib\", \"depth\": 3, \"includeAllSymbols\": false}\r\n]\r\n\r\n```\r\n",
    "settings.python.analysis.persistAllIndices.description": "Tüm üçüncü taraf kitaplıkların dizinleri kalıcı olarak diske depolanır.",
    "settings.python.analysis.stubPath.description": "Özel tür saplama dosyalarını içeren dizinin yolu.",
    "settings.python.analysis.typeshedPaths.description": "Typeshed modülü arama yolları.",
    "settings.python.analysis.useLibraryCodeForTypes.description": "Tür saplaması olmadığında, tür bilgilerini ayıklamak için kitaplık uygulamalarını kullanın.",
    "settings.python.analysis.userFileIndexingLimit.description": "Çalışma alanında dizini oluşturulacak maksimum kullanıcı dosyası sayısı. Dosya dizini oluşturma performans yoğun bir görevdir. Dizin oluşturmamızı istediğiniz dosya sayısını sınırlamak için bu ayarı kullanın. -1 değerini girerseniz, tüm dosyaların dizini oluşturulur.",
    "settings.typecheckingMode.basic.description": "Tüm \"kapalı\" kuralları + temel tür denetimi kuralları.",
    "settings.typecheckingMode.off.description": "Geçersiz söz dizimi, çözülmemiş içeri aktarmalar, tanımlanmamış değişkenler ile ilgili tanılamaları gösterin.",
    "settings.typecheckingMode.standard.description": "Tüm \"kapalı\" kuralları + temel tür denetimi kuralları + standart tür denetleyici kuralları.",
    "settings.typecheckingMode.strict.description": "Tüm \"kapalı\" kuralları + tüm tür denetimi kuralları."
}
