{
    "ClientLoc.autoImportCompletionsStatusItem.name": "Python 自動匯入完成模式",
    "ClientLoc.autoImportCompletionsStatusItem.text": "自動匯入完成: {0}",
    "ClientLoc.autoImportCompletionsStatusItem.titleOff": "切換為關閉",
    "ClientLoc.autoImportCompletionsStatusItem.titleOn": "切換為開啟",
    "ClientLoc.typeCheckingModeStatusItem.name": "Python 類型檢查模式",
    "ClientLoc.typeCheckingModeStatusItem.text": "類型檢查: {0}",
    "ClientLoc.typeCheckingModeStatusItem.titleOff": "切換為關閉",
    "ClientLoc.typeCheckingModeStatusItem.titleOn": "切換為開啟",
    "ClientLoc.updateSettingsErrorMsgFormatted": "無法更新設定 '{0}.{1}'。",
    "Common.No": "否",
    "Common.Yes": "是",
    "Common.reload": "重新載入",
    "Common.remindMeLater": "稍後提醒我",
    "Insiders.installingPreRelease": "正在安裝 Pylance 發行前版本組建...",
    "LanguageServer.settingsMigratedMessage": "適用於 Microsoft 語言伺服器的設定已複製到 Pylance 設定。如需詳細資料，請查看 settings.json 檔案。",
    "LanguageServer.settingsMigrationError": "無法移轉下列設定:",
    "Refactoring.MoveSymbol.newFileDetail": "輸入路徑或選取目的地檔案",
    "Refactoring.MoveSymbol.newFileLabel": "輸入目的地檔案路徑",
    "Refactoring.MoveSymbol.openDialogOpenLabel": "選取",
    "Refactoring.MoveSymbol.openDialogTitle": "選取新檔案以移動符號至...",
    "Refactoring.MoveSymbol.progressBarTitle": "移動符號至...",
    "Refactoring.MoveSymbol.quickPickPlaceHolder": "搜尋目的地檔案",
    "Refactoring.MoveSymbol.quickPickTitle": "選取要移動的目的地",
    "Refactoring.MoveSymbol.separatorText": "目的地檔案",
    "settings.python.analysis.addImport.exactMatchOnly.description": "在 `add import` 程式碼動作中只提供完全符合項目",
    "settings.python.analysis.autoFormatStrings.description": "在字串中輸入 '{' 時，會自動在字串前面輸入 'f'。",
    "settings.python.analysis.autoImportCompletions.description": "啟用自動匯入完成。",
    "settings.python.analysis.autoSearchPaths.description": "自動新增常用搜尋路徑，如 'src'。",
    "settings.python.analysis.completeFunctionParens.description": "新增括弧以完成函數。",
    "settings.python.analysis.diagnosticMode.description": "用於顯示診斷的分析範圍。",
    "settings.python.analysis.diagnosticSeverityOverrides.description": "允許使用者覆寫個別診斷的嚴重性層級。使用規則名稱做為索引鍵，並使用 \"error\"、\"warning\"、\"information\"、\"none\"、`true` (\"error\" 的別名) 或 `false` (\"none\" 的別名) 之一做為值。當「python.analysis.typeCheckingMode」設定為「off」時，每個診斷所顯示的預設值都是預設值。請參閱 [此處](https://github.com/microsoft/pyright/blob/main/docs/configuration.md#diagnostic-rule-defaults) 了解每個類型檢查模式 (\"off\"、\"basic\" 和 \"strict\") 的預設值。",
    "settings.python.analysis.enablePytestSupport.description": "啟用 Pylance 中的 pytest 支援。",
    "settings.python.analysis.enableSyncServer.description": "使用同步伺服器模式 [實驗性]。僅供內部使用，可能會導致 Pylance 停止工作。",
    "settings.python.analysis.exclude.description": "不應包含的目錄或檔案路徑。這些會覆寫包含目錄，允許排除特定的子目錄。請注意，如果未排除的來源檔案參照 (已匯出) 排除路徑中的檔案，這些檔案可能仍包含在分析中。路徑可能包含萬用字元 ** (目錄或多個目錄層級)、* (零或多個字元的序列) 或 ？(單一字元)。如果未指定排除路徑，Pylance 會自動排除下列項目: `**/node_modules`, `**/__pycache__`, `.git` 及任何虛擬環境目錄。",
    "settings.python.analysis.extraCommitChars.description": "允許在適用時使用 '.'、'(' 做為認可字元。",
    "settings.python.analysis.extraPaths.description": "其他匯出搜尋解析路徑",
    "settings.python.analysis.fixAll.description": "來源修正，以在全部修正中執行。",
    "settings.python.analysis.gotoDefinitionInStringLiteral.description": "對於看起來像模組名稱的字串常值，啟用移至定義以移至模組。",
    "settings.python.analysis.ignore.description": "應該隱藏診斷輸出 (錯誤和警告) 的目錄或檔案路徑，即使它們是包含的檔案，或在包含檔案的傳遞閉包內。路徑可能包含萬用字元 ** (目錄或多個目錄層級)、* (零或多個字元的序列) 或 ？(單一字元)。",
    "settings.python.analysis.importFormat.description": "定義匯入模組的預設格式。",
    "settings.python.analysis.include.description": "應該包含的目錄或檔案路徑。如果未指定路徑，Pylance 會預設為工作區根目錄。路徑可能包含萬用字元 ** (目錄或多個目錄層級)、* (零或多個字元的序列) 或 ？(單一字元)。",
    "settings.python.analysis.indexing.description": "啟用已安裝語言功能的協力廠商文件庫和使用者檔案編制索引，例如自動匯入、新增匯入、工作區符號等等。",
    "settings.python.analysis.inlayHints.callArgumentNames.description": "開啟/停用呼叫引數名稱的內嵌提示:\r\n```python\r\ndatetime('year='2019, 'month='10, 'day='27)\r\n```\r\n",
    "settings.python.analysis.inlayHints.functionReturnTypes.description": "開啟/停用函數傳回類型的內嵌提示:\r\n```python\r\ndef foo(x:int) '-> int':\r\n\treturn x\r\n```\r\n",
    "settings.python.analysis.inlayHints.pytestParameters.description": "開啟/停用 pytest 函數參數的內嵌提示:\r\n```python\r\ndef test_foo(my_fixture: 'str'):\r\n\tassert(my_fixture == 'foo')\r\n```\r\n",
    "settings.python.analysis.inlayHints.variableTypes.description": "啟用/停用變數類型的內嵌提示:\r\n```python\r\nfoo':list[str]' = [\"a\"]\r\n\r\n```\r\n",
    "settings.python.analysis.logLevel.description": "指定 [輸出] 面板的記錄層級",
    "settings.python.analysis.packageIndexDepths.description": "用來覆寫已安裝套件下要根據每個套件編製索引的層級數。根據預設，只有頂層模組會編製索引 (depth = 1)。若要為子模組編製索引，請針對您想要編製索引的每個子模組層級，將深度增加 1。接受的值為:\r\n```JSON\r\n{\"name\": \"package name (str)\",\r\n \"depth\": \"depth to scan (int)\",\r\n \"includeAllSymbols\": \"whether to include all symbols (bool)\"}\r\n\r\n```\r\n如果 'include all symbols' 設定為 'false'，則只會包含每個套件 '__all__' 中的符號。當設定為「true」時，Pylance 會為檔案中每個模組/頂層符號宣告編製索引。 \r\n \r\n使用範例:\r\n```JSON\r\n[\r\n\t{\"name\": \"sklearn\", \"depth\": 2, \"includeAllSymbols\": true},\r\n\t{\"name\": \"matplotlib\", \"depth\": 3, \"includeAllSymbols\": false}\r\n]\r\n\r\n```\r\n",
    "settings.python.analysis.persistAllIndices.description": "所有協力廠商程式庫的索引都會保存至磁碟。",
    "settings.python.analysis.stubPath.description": "包含自訂型別 stub 檔案的目錄路徑。",
    "settings.python.analysis.typeshedPaths.description": "尋找 typeshed 模組的路徑。",
    "settings.python.analysis.useLibraryCodeForTypes.description": "當類型虛設常式不存在時，使用文件庫實作來擷取類型資訊。",
    "settings.python.analysis.userFileIndexingLimit.description": "工作區中要編製索引的使用者檔案數目上限。為檔案編製索引是一項需要大量效能的工作。請使用此設定來限制您希望我們編製索引的檔案數目。如果您輸入 -1，我們會編製所有檔案的索引。",
    "settings.typecheckingMode.basic.description": "所有「關閉」規則 + 基本類型檢查規則。",
    "settings.typecheckingMode.off.description": "顯示無效語法、未解析的輸入、未定義的變數之診斷。",
    "settings.typecheckingMode.standard.description": "所有「關閉」規則 + 基本類型檢查規則 + 標準類型檢查器規則。",
    "settings.typecheckingMode.strict.description": "所有「關閉」規則 + 所有類型檢查規則。"
}
