{
    "ClientLoc.autoImportCompletionsStatusItem.name": "Modalità Completamenti importazione automatica Python",
    "ClientLoc.autoImportCompletionsStatusItem.text": "Completamenti importazione automatica: {0}",
    "ClientLoc.autoImportCompletionsStatusItem.titleOff": "Disattiva",
    "ClientLoc.autoImportCompletionsStatusItem.titleOn": "Attiva",
    "ClientLoc.typeCheckingModeStatusItem.name": "Modalità di controllo del tipo Python",
    "ClientLoc.typeCheckingModeStatusItem.text": "Controllo del tipo: {0}",
    "ClientLoc.typeCheckingModeStatusItem.titleOff": "Disattivare",
    "ClientLoc.typeCheckingModeStatusItem.titleOn": "Attivare ",
    "ClientLoc.updateSettingsErrorMsgFormatted": "Non è stato possibile aggiornare l'impostazione '{0}.{1}'.",
    "Common.No": "No",
    "Common.Yes": "Sì",
    "Common.reload": "Ricarica",
    "Common.remindMeLater": "Ricordamelo più tardi",
    "Insiders.installingPreRelease": "Installazione della build non definitiva di Pylance in corso...",
    "LanguageServer.settingsMigratedMessage": "Le impostazioni applicabili a Microsoft Language Server sono state copiate nelle impostazioni di Pylance. Per informazioni dettagliate, controllare i file settings.json.",
    "LanguageServer.settingsMigrationError": "Impossibile eseguire la migrazione delle impostazioni seguenti:",
    "Refactoring.MoveSymbol.newFileDetail": "Immettere il percorso o selezionare il file di destinazione",
    "Refactoring.MoveSymbol.newFileLabel": "Immettere il percorso del file di destinazione",
    "Refactoring.MoveSymbol.openDialogOpenLabel": "Selezionare",
    "Refactoring.MoveSymbol.openDialogTitle": "Selezionare il nuovo file in cui spostare il simbolo...",
    "Refactoring.MoveSymbol.progressBarTitle": "Spostare simbolo in...",
    "Refactoring.MoveSymbol.quickPickPlaceHolder": "Cerca nel file di destinazione",
    "Refactoring.MoveSymbol.quickPickTitle": "Selezionare la destinazione per lo spostamento",
    "Refactoring.MoveSymbol.separatorText": "File di destinazione",
    "settings.python.analysis.addImport.exactMatchOnly.description": "Offri solo corrispondenze esatte nelle azioni del codice 'add import'",
    "settings.python.analysis.autoFormatStrings.description": "Quando si digita un '{' in una stringa, anteporre automaticamente alla stringa un carattere 'f'.",
    "settings.python.analysis.autoImportCompletions.description": "Abilitare i completamenti dell'importazione automatica.",
    "settings.python.analysis.autoSearchPaths.description": "Aggiungi automaticamente percorsi di ricerca comuni come 'src'.",
    "settings.python.analysis.completeFunctionParens.description": "Aggiungere le parentesi ai completamenti delle funzioni.",
    "settings.python.analysis.diagnosticMode.description": "Ambito di analisi per la visualizzazione della diagnostica.",
    "settings.python.analysis.diagnosticSeverityOverrides.description": "Consente a un utente di eseguire l'override dei livelli di gravità per la diagnostica individuale. Utilizzare il nome della regola come chiave e uno dei valori seguenti: \"error\", \"warning\", \"information\", \"none\", 'true' (alias per \"error\") o 'false' (alias per \"none\"). Il valore predefinito visualizzato per ogni diagnostica è il valore predefinito quando \"python.analysis.typeCheckingMode\" è impostato su \"off\". Vedere [here](https://github.com/microsoft/pyright/blob/main/docs/configuration.md#diagnostic-rule-defaults) per le impostazioni predefinite per ogni modalità di controllo dei tipi (\"off\", \"basic\" e \"strict\").",
    "settings.python.analysis.enablePytestSupport.description": "Abilita il supporto di pytest in Pylance.",
    "settings.python.analysis.enableSyncServer.description": "Usa la modalità server di sincronizzazione [Sperimentale]. Solo per uso interno, può causare l'interruzione del funzionamento di Pylance.",
    "settings.python.analysis.exclude.description": "Percorsi di directory o file che non devono essere inclusi. Queste sottodirectory eseguono l'override delle directory di inclusione, consentendo l'esclusione di sottodirectory specifiche. Si noti che i file nei percorsi di esclusione possono comunque essere inclusi nell'analisi se vi si fa riferimento (importati) da file di origine che non sono esclusi. I percorsi possono contenere caratteri jolly ** (una directory o più livelli di directory), * (una sequenza di zero o più caratteri) o ? (un singolo carattere). Se non vengono specificati percorsi di esclusione, Pylance esclude automaticamente i seguenti elementi: '**/node_modules', '**/__pycache__', '.git' ed eventuali directory dell'ambiente virtuale.",
    "settings.python.analysis.extraCommitChars.description": "Consenti l'uso di '.', '(' come caratteri di commit, se applicabile.",
    "settings.python.analysis.extraPaths.description": "Percorsi di risoluzione della ricerca di importazione aggiuntivi",
    "settings.python.analysis.fixAll.description": "correzioni di origine da eseguire in tutte le correzioni.",
    "settings.python.analysis.gotoDefinitionInStringLiteral.description": "Per i valori letterali stringa simili ai nomi dei moduli, consente di passare alla definizione per passare al modulo.",
    "settings.python.analysis.ignore.description": "Percorsi di directory o file il cui output di diagnostica (errori e avvisi) deve essere eliminato anche se si tratta di un file incluso o all'interno della chiusura transitiva di un file incluso. I percorsi possono contenere caratteri jolly ** (una directory o più livelli di directory), * (una sequenza di zero o più caratteri) o ? (un singolo carattere).",
    "settings.python.analysis.importFormat.description": "Definisce il formato predefinito per il modulo di importazione.",
    "settings.python.analysis.include.description": "Percorsi di directory o file che devono essere inclusi. Se non viene specificato alcun percorso, Pylance usa per impostazione predefinita la directory radice dell'area di lavoro. I percorsi possono contenere caratteri jolly ** (una directory o più livelli di directory), * (una sequenza di zero o più caratteri) o ? (un singolo carattere).",
    "settings.python.analysis.indexing.description": "Abilitare l'indicizzazione di librerie di terze parti installate e i file utente per le funzionalità del linguaggio come importazione automatica, aggiunta di importazione, simboli dell'area di lavoro e così via.",
    "settings.python.analysis.inlayHints.callArgumentNames.description": "Abilitare/disabilitare gli hint di inlay per i nomi degli argomenti di chiamata:\r\n```python\r\ndatetime('year='2019, 'month='10, 'day='27)\r\n```\r\n",
    "settings.python.analysis.inlayHints.functionReturnTypes.description": "Abilita/Disabilita gli hint di inlay per i tipi restituiti di funzione:\r\n```python\r\ndef foo(x:int) '-> int':\r\n\trestituisci x\r\n```\r\n",
    "settings.python.analysis.inlayHints.pytestParameters.description": "Abilitare/disabilitare gli hint di inlay per i parametri della funzione pytest:\r\n```python\r\ndef test_foo(my_fixture: 'str'):\r\n\tassert(my_fixture == 'foo')\r\n```\r\n",
    "settings.python.analysis.inlayHints.variableTypes.description": "Abilitare/disabilitare gli hint di inlay per i tipi di variabile:\r\n```python\r\nfoo':list[str]' = [\"a\"]\r\n \r\n```\r\n",
    "settings.python.analysis.logLevel.description": "Specifica il livello di registrazione per il pannello di output",
    "settings.python.analysis.packageIndexDepths.description": "Usato per eseguire l'override del numero di livelli nei pacchetti installati da indicizzare per pacchetto. Per impostazione predefinita, vengono indicizzati solo i moduli di primo livello (profondità = 1). Per indicizzare i moduli secondari, aumentare la profondità di 1 per ogni livello di modulo secondario da indicizzare. I valori accettati sono:\r\n```JSON\r\n{\"name\": \"package name (str)\",\r\n \"depth\": \"depth to scan (int)\",\r\n \"includeAllSymbols\": \"whether to include all symbols (bool)\"}\r\n\r\n```\r\nSe 'include tutti i simboli' è impostato su 'false', vengono inclusi solo i simboli in '__all__' di ogni pacchetto. Quando è impostato su 'true', Pylance indicizzerà ogni dichiarazione di simboli di primo livello o modulo nel file.  \r\n  \r\nEsempio di utilizzo: \r\n```JSON\r\n[\r\n\t{\"name\": \"sklearn\", \"depth\": 2, \"includeAllSymbols\": true},\r\n\t{\"name\": \"matplotlib\", \"depth\": 3, \"includeAllSymbols\": false}\r\n]\r\n\r\n```\r\n",
    "settings.python.analysis.persistAllIndices.description": "Gli indici per tutte le librerie di terze parti verranno salvati in modo permanente su disco.",
    "settings.python.analysis.stubPath.description": "Percorso della directory contenente i file stub di tipo personalizzato.",
    "settings.python.analysis.typeshedPaths.description": "Percorsi per la ricerca di moduli dattiloscritti.",
    "settings.python.analysis.useLibraryCodeForTypes.description": "Usare le implementazioni della libreria per estrarre le informazioni sul tipo quando lo stub di tipo non è presente.",
    "settings.python.analysis.userFileIndexingLimit.description": "Numero massimo di file utente da indicizzare nell'area di lavoro. L'indicizzazione dei file è un'attività che richiede un elevato livello di prestazioni. Utilizzare questa impostazione per limitare il numero di file da indicizzare. Se si immette -1, tutti i file verranno indicizzati.",
    "settings.typecheckingMode.basic.description": "Tutte le regole \"disattivate\" e le regole di controllo dei tipi di base.",
    "settings.typecheckingMode.off.description": "Mostra la diagnostica per sintassi non valida, importazioni non risolte, variabili non definite.",
    "settings.typecheckingMode.standard.description": "Tutte le regole \"disattivate\" + regole di controllo dei tipi di base + regole typechecker standard.",
    "settings.typecheckingMode.strict.description": "Tutte le regole \"disattivate\" e tutte le regole di controllo dei tipi."
}
