{
    "ClientLoc.autoImportCompletionsStatusItem.name": "Modo de finalización de importación automática de Python",
    "ClientLoc.autoImportCompletionsStatusItem.text": "Finalizaciones de importación automática: {0}",
    "ClientLoc.autoImportCompletionsStatusItem.titleOff": "Cambiar a desactivado",
    "ClientLoc.autoImportCompletionsStatusItem.titleOn": "Cambiar a activado",
    "ClientLoc.typeCheckingModeStatusItem.name": "Modo de comprobación de tipos en Python",
    "ClientLoc.typeCheckingModeStatusItem.text": "Comprobación del tipo: {0}",
    "ClientLoc.typeCheckingModeStatusItem.titleOff": "Cambiar a apagado",
    "ClientLoc.typeCheckingModeStatusItem.titleOn": "Cambiar a encendido",
    "ClientLoc.updateSettingsErrorMsgFormatted": "No se pudo actualizar la configuración '{0}.{1}'.",
    "Common.No": "No",
    "Common.Yes": "Sí",
    "Common.reload": "Recargar",
    "Common.remindMeLater": "Recordármelo más tarde",
    "Insiders.installingPreRelease": "Instalando compilación de versión preliminar de Pylance...",
    "LanguageServer.settingsMigratedMessage": "La configuración aplicable a Microsoft Language Server se copió en la configuración de Pylance. Compruebe los archivos settings.json para obtener más información.",
    "LanguageServer.settingsMigrationError": "No se ha podido migrar la siguiente configuración:",
    "Refactoring.MoveSymbol.newFileDetail": "Introduzca la ruta o seleccione el archivo de destino",
    "Refactoring.MoveSymbol.newFileLabel": "Introduzca la ruta del archivo de destino",
    "Refactoring.MoveSymbol.openDialogOpenLabel": "Seleccionar",
    "Refactoring.MoveSymbol.openDialogTitle": "Seleccione el nuevo archivo al que mover el símbolo...",
    "Refactoring.MoveSymbol.progressBarTitle": "Mover símbolo a...",
    "Refactoring.MoveSymbol.quickPickPlaceHolder": "Buscar archivo de destino",
    "Refactoring.MoveSymbol.quickPickTitle": "Seleccione el destino del traslado",
    "Refactoring.MoveSymbol.separatorText": "Archivos de destino",
    "settings.python.analysis.addImport.exactMatchOnly.description": "Ofrecer solo coincidencias exactas en acciones de código de \"agregar importación\"",
    "settings.python.analysis.autoFormatStrings.description": "Al escribir \"{\" en una cadena, anteponer automáticamente a la cadena un prefijo \"f\".",
    "settings.python.analysis.autoImportCompletions.description": "Habilite las finalizaciones de importación automática.",
    "settings.python.analysis.autoSearchPaths.description": "Agregue automáticamente rutas de búsqueda comunes como \"src\".",
    "settings.python.analysis.completeFunctionParens.description": "Agregue paréntesis a las finalizaciones de función.",
    "settings.python.analysis.diagnosticMode.description": "Ámbito de análisis para mostrar diagnósticos.",
    "settings.python.analysis.diagnosticSeverityOverrides.description": "Permite que un usuario invalide los niveles de gravedad para diagnósticos individuales. Use el nombre de la regla como clave y uno de \"error\", \"warning\", \"information\", \"none\", \"true\" (alias para \"error\") o \"false\" (alias para \"none\") como valor. El valor predeterminado que se muestra para cada diagnóstico es el predeterminado cuando \"python.analysis.typeCheckingMode\" se establece en \"desactivado\". Vea [aquí](https://github.com/microsoft/pyright/blob/main/docs/configuration.md#diagnostic-rule-defaults) los valores predeterminados para cada modo de comprobación de tipos (\"desactivado\", \"básico\" y \"estricto\").",
    "settings.python.analysis.enablePytestSupport.description": "Habilita la compatibilidad con pytest en Pylance.",
    "settings.python.analysis.enableSyncServer.description": "Use el modo de servidor de sincronización [Experimental]. Solo para uso interno, puede hacer que Pylance deje de funcionar.",
    "settings.python.analysis.exclude.description": "Rutas de acceso de directorios o archivos que no se deben incluir. Estas invalidan los directorios de inclusión, lo que permite excluir subdirectorios específicos. Tenga en cuenta que los archivos de las rutas de acceso de exclusión todavía se pueden incluir en el análisis si los archivos de origen que no se excluyen hacen referencia a ellos (importados). Las rutas de acceso pueden contener caracteres comodín ** (un directorio o varios niveles de directorios), * (una secuencia de cero o más caracteres) o ? (un solo carácter). Si no se especifica ninguna ruta de acceso de exclusión, Pylance excluye automáticamente lo siguiente: \"**/node_modules\", \"**/__pycache__\", \".git\" y cualquier directorio de entorno virtual.",
    "settings.python.analysis.extraCommitChars.description": "Permitir el uso de '.', '(' como caracteres de confirmación cuando corresponda.",
    "settings.python.analysis.extraPaths.description": "Rutas de resolución de búsqueda de importación adicionales",
    "settings.python.analysis.fixAll.description": "correcciones de origen para ejecutarlas todas.",
    "settings.python.analysis.gotoDefinitionInStringLiteral.description": "Para los literales de cadena que tienen un aspecto similar a los nombres de módulo, permite ir a la definición para ir al módulo.",
    "settings.python.analysis.ignore.description": "Rutas de acceso de directorios o archivos cuya salida de diagnóstico (errores y advertencias) se debe suprimir incluso si son un archivo incluido o dentro del cierre transitivo de un archivo incluido. Las rutas de acceso pueden contener caracteres comodín ** (un directorio o varios niveles de directorios), * (una secuencia de cero o más caracteres) o ? (un solo carácter).",
    "settings.python.analysis.importFormat.description": "Permite definir el formato predeterminado para el módulo de importación.",
    "settings.python.analysis.include.description": "Rutas de acceso de directorios o archivos que deben incluirse. Si no se especifica ninguna ruta de acceso, Pylance tiene como valor predeterminado el directorio raíz del área de trabajo. Las rutas de acceso pueden contener caracteres comodín ** (un directorio o varios niveles de directorios), * (una secuencia de cero o más caracteres) o ? (un solo carácter).",
    "settings.python.analysis.indexing.description": "Habilite la indexación de bibliotecas de terceros instaladas y archivos de usuario para características de lenguaje como la importación automática, la adición de importación, símbolos del área de trabajo, etc.",
    "settings.python.analysis.inlayHints.callArgumentNames.description": "Habilite o deshabilite las sugerencias de incrustación para los nombres de argumentos de llamada:\r\n```python\r\ndatetime('year='2019, 'month='10, 'day='27)\r\n```\r\n",
    "settings.python.analysis.inlayHints.functionReturnTypes.description": "Habilite o deshabilite las sugerencias de incrustación para los tipos de valor devuelto de función:\r\n```python\r\ndef foo(x:int) '-> int':\r\n\tdevolver x\r\n```\r\n",
    "settings.python.analysis.inlayHints.pytestParameters.description": "Habilite o deshabilite las sugerencias de incrustación para los parámetros de la función pytest:\r\n```python\r\ndef test_foo(my_fixture: 'str'):\r\n\tassert(my_fixture == 'foo')\r\n```\r\n",
    "settings.python.analysis.inlayHints.variableTypes.description": "Habilite o deshabilite las sugerencias de incrustación para tipos de variables:\r\n```python\r\nfoo':list[str]' = [\"a\"]\r\n \r\n```\r\n",
    "settings.python.analysis.logLevel.description": "Especifica el nivel de registro para el panel de salida.",
    "settings.python.analysis.packageIndexDepths.description": "Se usa para invalidar el número de niveles de paquetes instalados que se van a indexar por paquete. De forma predeterminada, solo se indexan los módulos de nivel superior (profundidad = 1). Para indexar submódulos, aumente la profundidad en 1 para cada nivel de submódulo que desee indexar. Los valores aceptados son:\r\n```JSON\r\n{\"name\": \"package name (str)\",\r\n \"depth\": \"depth to scan (int)\",\r\n \"includeAllSymbols\": \"whether to include all symbols (bool)\"}\r\n\r\n```\r\nSi \"incluir todos los símbolos\" se establece en \"false\", solo se incluyen los símbolos de la \"__all__\" de cada paquete. Cuando se establece en \"verdadero\", Pylance indexará todas las declaraciones de símbolos de nivel superior o módulo del archivo.  \r\n  \r\nEjemplo de uso: \r\n```JSON\r\n[\r\n\t{\"name\": \"sklearn\", \"depth\": 2, \"includeAllSymbols\": true},\r\n\t{\"name\": \"matplotlib\", \"depth\": 3, \"includeAllSymbols\": false}\r\n]\r\n\r\n```\r\n",
    "settings.python.analysis.persistAllIndices.description": "Los índices de todas las bibliotecas de terceros se conservarán en el disco.",
    "settings.python.analysis.stubPath.description": "Ruta de acceso al directorio que contiene los archivos stub de tipos personalizados.",
    "settings.python.analysis.typeshedPaths.description": "Rutas de acceso para buscar módulos con tipos.",
    "settings.python.analysis.useLibraryCodeForTypes.description": "Use implementaciones de biblioteca para extraer información de tipo cuando el código auxiliar de tipo no está presente.",
    "settings.python.analysis.userFileIndexingLimit.description": "Número máximo de archivos de usuario que se van a indexar en el área de trabajo. La indexación de archivos es una tarea que consume mucho rendimiento. Use esta configuración para limitar el número de archivos que desea que indexemos. Si escribe -1, se indexarán todos los archivos.",
    "settings.typecheckingMode.basic.description": "Todas las reglas \"desactivadas\" + reglas básicas de comprobación de tipos.",
    "settings.typecheckingMode.off.description": "Mostrar diagnósticos de sintaxis no válida, importaciones sin resolver, variables no definidas.",
    "settings.typecheckingMode.standard.description": "Todas las reglas \"desactivadas\" + reglas básicas de comprobación de tipos + reglas de comprobación de tipos estándar.",
    "settings.typecheckingMode.strict.description": "Todas las reglas \"desactivadas\" + todas las reglas de comprobación de tipos."
}
