{
    "ClientLoc.autoImportCompletionsStatusItem.name": "Tryb automatycznego uzupełniania importu w języku Python",
    "ClientLoc.autoImportCompletionsStatusItem.text": "Uzupełnianie automatycznego importowania: {0}",
    "ClientLoc.autoImportCompletionsStatusItem.titleOff": "Wyłącz",
    "ClientLoc.autoImportCompletionsStatusItem.titleOn": "Włącz",
    "ClientLoc.typeCheckingModeStatusItem.name": "Tryb sprawdzania typu języka Python",
    "ClientLoc.typeCheckingModeStatusItem.text": "Kontrola typów: {0}",
    "ClientLoc.typeCheckingModeStatusItem.titleOff": "Wyłącz",
    "ClientLoc.typeCheckingModeStatusItem.titleOn": "Włącz",
    "ClientLoc.updateSettingsErrorMsgFormatted": "Aktualizacja ustawienia „{0}.{1}” zakończyła się niepowodzeniem.",
    "Common.No": "Nie",
    "Common.Yes": "Tak",
    "Common.reload": "Załaduj ponownie",
    "Common.remindMeLater": "Przypomnij mi później",
    "Insiders.installingPreRelease": "Trwa instalowanie wstępnej kompilacji rozszerzenia Pylance...",
    "LanguageServer.settingsMigratedMessage": "Ustawienia dotyczące serwera języka firmy Microsoft zostały skopiowane do ustawień rozszerzenia Pylance. Sprawdź pliki settings.json, aby uzyskać szczegółowe informacje.",
    "LanguageServer.settingsMigrationError": "Nie można przeprowadzić migracji następujących ustawień:",
    "Refactoring.MoveSymbol.newFileDetail": "Wprowadź ścieżkę lub wybierz plik docelowy",
    "Refactoring.MoveSymbol.newFileLabel": "Wprowadź ścieżkę do pliku docelowego",
    "Refactoring.MoveSymbol.openDialogOpenLabel": "Wybierz",
    "Refactoring.MoveSymbol.openDialogTitle": "Wybierz nowy plik, do którego chcesz przenieść symbol...",
    "Refactoring.MoveSymbol.progressBarTitle": "Przenieś symbol do...",
    "Refactoring.MoveSymbol.quickPickPlaceHolder": "Wyszukaj plik docelowy",
    "Refactoring.MoveSymbol.quickPickTitle": "Wybierz lokalizację docelową do przeniesienia",
    "Refactoring.MoveSymbol.separatorText": "Pliki docelowe",
    "settings.python.analysis.addImport.exactMatchOnly.description": "Oferuj tylko dokładne dopasowania w akcjach kodu „dodaj import”",
    "settings.python.analysis.autoFormatStrings.description": "Podczas wpisywania znaku „{” w ciągu automatycznie poprzedź ciąg znakiem „f”.",
    "settings.python.analysis.autoImportCompletions.description": "Włącz uzupełnianie automatycznego importowania.",
    "settings.python.analysis.autoSearchPaths.description": "Automatycznie dodawaj typowe ścieżki wyszukiwania, takie jak „src”",
    "settings.python.analysis.completeFunctionParens.description": "Dodaj nawiasy do uzupełnień funkcji.",
    "settings.python.analysis.diagnosticMode.description": "Zakres analizy na potrzeby wyświetlania diagnostyki.",
    "settings.python.analysis.diagnosticSeverityOverrides.description": "Umożliwia użytkownikowi zastąpienie poziomów ważności dla poszczególnych diagnostyki. Użyj nazwy reguły jako klucza i jednego z następujących elementów, takich jak „błąd”, „ostrzeżenie”, „informacja”, „brak”, „true” (alias dla „błąd”) lub „false” (alias dla „brak”) jako wartości. Wartość domyślna wyświetlana dla każdej diagnostyki jest domyślna, gdy właściwość „python.analysis.typeCheckingMode” jest ustawiona na wartość „off”. Zobacz [tutaj](https://github.com/microsoft/pyright/blob/main/docs/configuration.md#diagnostic-rule-defaults) wartości domyślne dla każdego trybu sprawdzania typu („wyłączone”, „podstawowe” i „ścisłe”).",
    "settings.python.analysis.enablePytestSupport.description": "Włącza obsługę narzędzia pytest w rozszerzeniu Pylance.",
    "settings.python.analysis.enableSyncServer.description": "Użyj trybu serwera synchronizacji [Eksperymentalne]. Tylko do użytku wewnętrznego może spowodować, że rozszerzenie Pylance przestanie działać.",
    "settings.python.analysis.exclude.description": "Ścieżki katalogów lub plików, które nie powinny być dołączone. Zastępują one katalogi dołączania, umożliwiając wykluczenie określonych podkatalogów. Pamiętaj, że pliki w ścieżkach wykluczania mogą być nadal uwzględniane w analizie, jeśli są przywoływane (importowane) przez pliki źródłowe, które nie są wykluczone. Ścieżki mogą zawierać symbole wieloznaczne ** (katalog lub wiele poziomów katalogów), * (sekwencja zawierająca zero lub więcej znaków) lub ? (jeden znak). Jeśli nie określono ścieżek wykluczania, rozszerzenie Pylance automatycznie wyklucza następujące elementy: „**/node_modules”, „**/__pycache__”, „.git” i wszystkie katalogi środowiska wirtualnego.",
    "settings.python.analysis.extraCommitChars.description": "Zezwalaj na używanie znaków „.”, „”\" jako znaków zatwierdzenia, jeśli ma to zastosowanie.",
    "settings.python.analysis.extraPaths.description": "Dodatkowe ścieżki rozpoznawania wyszukiwania importu",
    "settings.python.analysis.fixAll.description": "poprawki źródłowe do uruchomienia w rozwiązać wszystkie.",
    "settings.python.analysis.gotoDefinitionInStringLiteral.description": "W przypadku literałów ciągów, które wyglądają jak nazwy modułów, można przejść do definicji, aby przejść do modułu.",
    "settings.python.analysis.ignore.description": "Ścieżki katalogów lub plików, których dane wyjściowe diagnostyki (błędy i ostrzeżenia) powinny być pomijane, nawet jeśli są dołączonym plikiem lub w ramach przechodniego zamknięcia dołączonego pliku. Ścieżki mogą zawierać symbole wieloznaczne ** (katalog lub wiele poziomów katalogów), * (sekwencja zawierająca zero lub więcej znaków) lub ? (jeden znak).",
    "settings.python.analysis.importFormat.description": "Definiuje domyślny format modułu importu.",
    "settings.python.analysis.include.description": "Ścieżki katalogów lub plików, które powinny zostać dołączone. Jeśli nie określono żadnych ścieżek, rozszerzenie Pylance domyślnie używa katalogu głównego obszaru roboczego. Ścieżki mogą zawierać symbole wieloznaczne ** (katalog lub wiele poziomów katalogów), * (sekwencja zawierająca zero lub więcej znaków) lub ? (jeden znak).",
    "settings.python.analysis.indexing.description": "Włącz indeksowanie zainstalowanych bibliotek innych firm i plików użytkowników dla funkcji językowych, takich jak automatyczne importowanie, dodawanie importu, symbole obszaru roboczego itp.",
    "settings.python.analysis.inlayHints.callArgumentNames.description": "Włącz/wyłącz wskazówki śródwierszowe dla nazw argumentów wywołania:\r\n```python\r\ndatetime('year='2019, 'month='10, 'day='27)\r\n```\r\n",
    "settings.python.analysis.inlayHints.functionReturnTypes.description": "Włącz/wyłącz wskazówki śródwierszowe dla zwracanych typów funkcji:\r\n```python\r\ndef foo(x:int) '-> int':\r\n\tzwróć x\r\n```\r\n",
    "settings.python.analysis.inlayHints.pytestParameters.description": "Włącz/wyłącz wskazówki śródwierszowe dla parametrów funkcji pytest:\r\n```python\r\ndef test_foo(my_fixture: 'str'):\r\n\tassert(my_fixture == 'foo')\r\n```\r\n",
    "settings.python.analysis.inlayHints.variableTypes.description": "Włącz/wyłącz wskazówki dotyczące nakładek dla typów zmiennych:\r\n```python\r\nfoo':list[str]' = [\"a\"]\r\n \r\n```\r\n",
    "settings.python.analysis.logLevel.description": "Określa poziom rejestrowania w panelu Dane wyjściowe.",
    "settings.python.analysis.packageIndexDepths.description": "Służy do zastępowania liczby poziomów w ramach zainstalowanych pakietów do indeksowania dla poszczególnych pakietów. Domyślnie indeksowane są tylko moduły najwyższego poziomu (głębokość = 1). Aby indeksować moduły podrzędne, zwiększ głębokość o 1 dla każdego poziomu modułu podrzędnego, który chcesz indeksować. Akceptowane wartości to:\r\n```JSON\r\n{\"name\": \"package name (str)\",\r\n \"depth\": \"depth to scan (int)\",\r\n \"includeAllSymbols\": \"whether to include all symbols (bool)\"}\r\n\r\n```\r\nJeśli parametr „zawiera wszystkie symbole” ma wartość „false”, uwzględniane są tylko symbole w „__all__” każdego pakietu. Po ustawieniu wartości „true” rozszerzenie Pylance będzie indeksować wszystkie deklaracje symboli modułu/najwyższego poziomu w pliku.  \r\n  \r\nPrzykład użycia: \r\n```JSON\r\n[\r\n\t{\"name\": \"sklearn\", \"depth\": 2, \"includeAllSymbols\": true},\r\n\t{\"name\": \"matplotlib\", \"depth\": 3, \"includeAllSymbols\": false}\r\n]\r\n\r\n```\r\n",
    "settings.python.analysis.persistAllIndices.description": "Indeksy dla wszystkich bibliotek innych firm zostaną utrwalone na dysku.",
    "settings.python.analysis.stubPath.description": "Ścieżka do katalogu zawierającego pliki klasy zastępczej typu niestandardowego.",
    "settings.python.analysis.typeshedPaths.description": "Ścieżki do wyszukiwania modułów typeshed.",
    "settings.python.analysis.useLibraryCodeForTypes.description": "Użyj implementacji biblioteki, aby wyodrębnić informacje o typie, gdy wycinek typu jest nieobecny.",
    "settings.python.analysis.userFileIndexingLimit.description": "Maksymalna liczba plików użytkownika do indeksowania w obszarze roboczym. Indeksowanie plików jest zadaniem intensywnie obciążającym wydajność. Użyj tego ustawienia, aby ograniczyć liczbę plików, które chcesz indeksować. Jeśli wprowadzisz wartość -1, zindeksujemy wszystkie pliki.",
    "settings.typecheckingMode.basic.description": "Wszystkie reguły „wyłączone” + podstawowe reguły sprawdzania typów.",
    "settings.typecheckingMode.off.description": "Pokaż diagnostykę nieprawidłowej składni, nierozwiązanych importów i niezdefiniowanych zmiennych.",
    "settings.typecheckingMode.standard.description": "Wszystkie reguły „wyłączone” + podstawowe reguły sprawdzania typów + standardowe reguły kontroli typów.",
    "settings.typecheckingMode.strict.description": "Wszystkie reguły „wyłączone” + wszystkie reguły sprawdzania typu."
}
