{
    "ClientLoc.autoImportCompletionsStatusItem.name": "[2nqdQ][นั้Pÿthøñ Æµtø Ïmpørt Çømplëtïøñs MøðëẤğ倪İЂҰक्र्तिृまนั้ढूँ]",
    "ClientLoc.autoImportCompletionsStatusItem.text": "[qX5J8][นั้Æµtø Ïmpørt Çømplëtïøñs: {0}Ấğ倪İЂҰक्र्तिृนั้ढूँ]",
    "ClientLoc.autoImportCompletionsStatusItem.titleOff": "[qB7vJ][นั้§wïtçh tø øffẤğ倪İЂนั้ढूँ]",
    "ClientLoc.autoImportCompletionsStatusItem.titleOn": "[E9NzQ][นั้§wïtçh tø øñẤğ倪İЂนั้ढूँ]",
    "ClientLoc.typeCheckingModeStatusItem.name": "[A62km][นั้Pÿthøñ Tÿpë Çhëçkïñg MøðëẤğ倪İЂҰक्र्นั้ढूँ]",
    "ClientLoc.typeCheckingModeStatusItem.text": "[9MhTU][นั้Tÿpë Çhëçkïñg: {0}Ấğ倪İЂҰक्นั้ढूँ]",
    "ClientLoc.typeCheckingModeStatusItem.titleOff": "[PnM7a][นั้§wïtçh tø øffẤğ倪İЂนั้ढूँ]",
    "ClientLoc.typeCheckingModeStatusItem.titleOn": "[JAQkx][นั้§wïtçh tø øñẤğ倪İЂนั้ढूँ]",
    "ClientLoc.updateSettingsErrorMsgFormatted": "[Avwss][นั้Fæïlëð tø µpðætë sëttïñg '{0}.{1}'.Ấğ倪İЂҰक्र्तिृまนั้ढूँ]",
    "Common.No": "[35QoB][นั้ÑøẤนั้ढूँ]",
    "Common.Yes": "[XTuDW][นั้ÝësẤนั้ढूँ]",
    "Common.reload": "[p0dRd][นั้RëløæðẤğนั้ढूँ]",
    "Common.remindMeLater": "[p0h2L][นั้Rëmïñð më lætërẤğ倪İЂҰนั้ढूँ]",
    "Insiders.installingPreRelease": "[qj0Cb][นั้Ïñstællïñg Pÿlæñçë prë-rëlëæsë þµïlð...Ấğ倪İЂҰक्र्तिृまẤğนั้ढूँ]",
    "LanguageServer.settingsMigratedMessage": "[Pk88J][นั้§ëttïñgs æpplïçæþlë tø Mïçrøsøft £æñgµægë §ërvër wërë çøpïëð tø Pÿlæñçë sëttïñgs. Plëæsë çhëçk sëttïñgs.jsøñ fïlë(s) før ðëtæïls.Ấğ倪İЂҰक्र्तिृまẤğ倪İЂҰक्र्तिृまẤğ倪İЂҰक्र्तिृまẤğ倪İЂҰक्र्นั้ढूँ]",
    "LanguageServer.settingsMigrationError": "[g4ify][นั้Thë følløwïñg sëttïñgs çøµlð ñøt þë mïgrætëð:Ấğ倪İЂҰक्र्तिृまẤğ倪İนั้ढूँ]",
    "Refactoring.MoveSymbol.newFileDetail": "[ctD3k][นั้Ëñtër pæth ør sëlëçt ðëstïñætïøñ fïlëẤğ倪İЂҰक्र्तिृまẤนั้ढूँ]",
    "Refactoring.MoveSymbol.newFileLabel": "[L5mUj][นั้Ëñtër ðëstïñætïøñ fïlë pæthẤğ倪İЂҰक्र्तिृนั้ढूँ]",
    "Refactoring.MoveSymbol.openDialogOpenLabel": "[XwPOc][นั้§ëlëçtẤğนั้ढूँ]",
    "Refactoring.MoveSymbol.openDialogTitle": "[syJNv][นั้§ëlëçt ñëw fïlë tø møvë thë sÿmþøl tø...Ấğ倪İЂҰक्र्तिृまẤğนั้ढूँ]",
    "Refactoring.MoveSymbol.progressBarTitle": "[V4PE4][นั้Møvë §ÿmþøl Tø...Ấğ倪İЂҰक्นั้ढूँ]",
    "Refactoring.MoveSymbol.quickPickPlaceHolder": "[0W10d][นั้§ëærçh ðëstïñætïøñ fïlëẤğ倪İЂҰक्र्นั้ढूँ]",
    "Refactoring.MoveSymbol.quickPickTitle": "[RKpr2][นั้§ëlëçt ðëstïñætïøñ før møvëẤğ倪İЂҰक्र्तिृนั้ढूँ]",
    "Refactoring.MoveSymbol.separatorText": "[CtlcG][นั้Ðëstïñætïøñ FïlësẤğ倪İЂҰक्นั้ढूँ]",
    "settings.python.analysis.addImport.exactMatchOnly.description": "[sUrhA][นั้Øffër øñlÿ ëxæçt mætçhës ïñ `æðð ïmpørt` çøðë æçtïøñsẤğ倪İЂҰक्र्तिृまẤğ倪İЂҰक्นั้ढूँ]",
    "settings.python.analysis.autoFormatStrings.description": "[oTCXG][นั้Whëñ tÿpïñg æ '{' ïñ æ strïñg, æµtømætïçællÿ prëfïx thë strïñg wïth æñ 'f'.Ấğ倪İЂҰक्र्तिृまẤğ倪İЂҰक्र्तिृまẤğนั้ढूँ]",
    "settings.python.analysis.autoImportCompletions.description": "[BYp9z][นั้Ëñæþlë æµtø-ïmpørt çømplëtïøñs.Ấğ倪İЂҰक्र्तिृนั้ढूँ]",
    "settings.python.analysis.autoSearchPaths.description": "[QrEa7][นั้Æµtømætïçællÿ æðð çømmøñ sëærçh pæths lïkë 'srç'.Ấğ倪İЂҰक्र्तिृまẤğ倪İЂҰนั้ढूँ]",
    "settings.python.analysis.completeFunctionParens.description": "[X31QM][นั้Æðð pærëñthësës tø fµñçtïøñ çømplëtïøñs.Ấğ倪İЂҰक्र्तिृまẤğนั้ढूँ]",
    "settings.python.analysis.diagnosticMode.description": "[aAma4][นั้Æñælÿsïs sçøpë før shøwïñg ðïægñøstïçs.Ấğ倪İЂҰक्र्तिृまẤğนั้ढूँ]",
    "settings.python.analysis.diagnosticSeverityOverrides.description": "[5fzs9][นั้Ælløws æ µsër tø øvërrïðë thë sëvërïtÿ lëvëls før ïñðïvïðµæl ðïægñøstïçs. Üsë thë rµlë ñæmë æs æ këÿ æñð øñë øf \"ërrør\", \"wærñïñg\", \"ïñførmætïøñ\", \"ñøñë\", `trµë` (ælïæs før \"ërrør\") ør `fælsë` (ælïæs før \"ñøñë\") æs vælµë. Thë ðëfæµlt vælµë shøwñ før ëæçh ðïægñøstïç ïs thë ðëfæµlt whëñ \"pÿthøñ.æñælÿsïs.tÿpëÇhëçkïñgMøðë\" ïs sët tø \"øff\". §ëë [hërë](https://gïthµþ.çøm/mïçrøsøft/pÿrïght/þløþ/mæïñ/ðøçs/çøñfïgµrætïøñ.mð#ðïægñøstïç-rµlë-ðëfæµlts) før ðëfæµlts før ëæçh tÿpë çhëçkïñg møðë (\"øff\", \"þæsïç\" æñð \"strïçt\").Ấğ倪İЂҰक्र्तिृまẤğ倪İЂҰक्र्तिृまẤğ倪İЂҰक्र्तिृまẤğ倪İЂҰक्र्तिृまẤğ倪İЂҰक्र्तिृまẤğ倪İЂҰक्र्तिृまẤğ倪İЂҰक्र्तिृまẤğ倪İЂҰक्र्तिृまẤğ倪İЂҰक्र्तिृまẤğ倪İЂҰक्र्तिृまẤğ倪İЂҰक्र्तिृまẤğ倪İЂҰक्र्तिृまẤğ倪İЂҰक्र्तिृまẤğ倪İЂҰक्र्तिृまẤğ倪İЂҰक्र्นั้ढूँ]",
    "settings.python.analysis.enablePytestSupport.description": "[BoZy6][นั้Ëñæþlës pÿtëst sµppørt ïñ Pÿlæñçë.Ấğ倪İЂҰक्र्तिृまนั้ढूँ]",
    "settings.python.analysis.enableSyncServer.description": "[VN03n][นั้Üsë sÿñç sërvër møðë [Ëxpërïmëñtæl]. Før ïñtërñæl µsë øñlÿ, mæÿ çæµsë Pÿlæñçë tø støp wørkïñg.Ấğ倪İЂҰक्र्तिृまẤğ倪İЂҰक्र्तिृまẤğ倪İЂҰक्र्นั้ढूँ]",
    "settings.python.analysis.exclude.description": "[aNhX6][นั้Pæths øf ðïrëçtørïës ør fïlës thæt shøµlð ñøt þë ïñçlµðëð. Thësë øvërrïðë thë ïñçlµðë ðïrëçtørïës, ælløwïñg spëçïfïç sµþðïrëçtørïës tø þë ëxçlµðëð. Ñøtë thæt fïlës ïñ thë ëxçlµðë pæths mæÿ stïll þë ïñçlµðëð ïñ thë æñælÿsïs ïf thëÿ ærë rëfërëñçëð (ïmpørtëð) þÿ søµrçë fïlës thæt ærë ñøt ëxçlµðëð. Pæths mæÿ çøñtæïñ wïlðçærð çhæræçtërs ** (æ ðïrëçtørÿ ør mµltïplë lëvëls øf ðïrëçtørïës), * (æ sëqµëñçë øf zërø ør mørë çhæræçtërs), ør ? (æ sïñglë çhæræçtër). Ïf ñø ëxçlµðë pæths ærë spëçïfïëð, Pÿlæñçë æµtømætïçællÿ ëxçlµðës thë følløwïñg: `**/ñøðë_møðµlës`, `**/__pÿçæçhë__`, `.gït` æñð æñÿ vïrtµæl ëñvïrøñmëñt ðïrëçtørïës.Ấğ倪İЂҰक्र्तिृまẤğ倪İЂҰक्र्तिृまẤğ倪İЂҰक्र्तिृまẤğ倪İЂҰक्र्तिृまẤğ倪İЂҰक्र्तिृまẤğ倪İЂҰक्र्तिृまẤğ倪İЂҰक्र्तिृまẤğ倪İЂҰक्र्तिृまẤğ倪İЂҰक्र्तिृまẤğ倪İЂҰक्र्तिृまẤğ倪İЂҰक्र्तिृまẤğ倪İЂҰक्र्तिृまẤğ倪İЂҰक्र्तिृまẤğ倪İЂҰक्र्तिृまẤğ倪İЂҰक्र्तिृまẤğ倪İЂҰक्र्तिृまẤğ倪İЂҰक्र्तिृまẤğ倪İЂҰक्र्นั้ढूँ]",
    "settings.python.analysis.extraCommitChars.description": "[V6hdt][นั้Ælløw µsïñg '.', '(' æs çømmït çhæræçtërs whëñ æpplïçæþlë.Ấğ倪İЂҰक्र्तिृまẤğ倪İЂҰक्र्นั้ढूँ]",
    "settings.python.analysis.extraPaths.description": "[rtdG2][นั้Æððïtïøñæl ïmpørt sëærçh rësølµtïøñ pæthsẤğ倪İЂҰक्र्तिृまẤğนั้ढूँ]",
    "settings.python.analysis.fixAll.description": "[pTxy1][นั้søµrçë fïxës tø rµñ ïñ fïx æll.Ấğ倪İЂҰक्र्तिृนั้ढूँ]",
    "settings.python.analysis.gotoDefinitionInStringLiteral.description": "[baH3x][นั้Før strïñg lïtëræls thæt løøk lïkë møðµlë ñæmës, ëñæþlës gø tø ðëfïñïtïøñ tø gø tø thë møðµlë.Ấğ倪İЂҰक्र्तिृまẤğ倪İЂҰक्र्तिृまẤğ倪İЂҰक्र्นั้ढूँ]",
    "settings.python.analysis.ignore.description": "[Hv1mb][นั้Pæths øf ðïrëçtørïës ør fïlës whøsë ðïægñøstïç øµtpµt (ërrørs æñð wærñïñgs) shøµlð þë sµpprëssëð ëvëñ ïf thëÿ ærë æñ ïñçlµðëð fïlë ør wïthïñ thë træñsïtïvë çløsµrë øf æñ ïñçlµðëð fïlë. Pæths mæÿ çøñtæïñ wïlðçærð çhæræçtërs ** (æ ðïrëçtørÿ ør mµltïplë lëvëls øf ðïrëçtørïës), * (æ sëqµëñçë øf zërø ør mørë çhæræçtërs), ør ? (æ sïñglë çhæræçtër).Ấğ倪İЂҰक्र्तिृまẤğ倪İЂҰक्र्तिृまẤğ倪İЂҰक्र्तिृまẤğ倪İЂҰक्र्तिृまẤğ倪İЂҰक्र्तिृまẤğ倪İЂҰक्र्तिृまẤğ倪İЂҰक्र्तिृまẤğ倪İЂҰक्र्तिृまẤğ倪İЂҰक्र्तिृまẤğ倪İЂҰक्र्तिृนั้ढूँ]",
    "settings.python.analysis.importFormat.description": "[1etoy][นั้Ðëfïñës thë ðëfæµlt førmæt før ïmpørt møðµlë.Ấğ倪İЂҰक्र्तिृまẤğ倪İนั้ढूँ]",
    "settings.python.analysis.include.description": "[RTB01][นั้Pæths øf ðïrëçtørïës ør fïlës thæt shøµlð þë ïñçlµðëð. Ïf ñø pæths ærë spëçïfïëð, Pÿlæñçë ðëfæµlts tø thë wørkspæçë røøt ðïrëçtørÿ. Pæths mæÿ çøñtæïñ wïlðçærð çhæræçtërs ** (æ ðïrëçtørÿ ør mµltïplë lëvëls øf ðïrëçtørïës), * (æ sëqµëñçë øf zërø ør mørë çhæræçtërs), ør ? (æ sïñglë çhæræçtër).Ấğ倪İЂҰक्र्तिृまẤğ倪İЂҰक्र्तिृまẤğ倪İЂҰक्र्तिृまẤğ倪İЂҰक्र्तिृまẤğ倪İЂҰक्र्तिृまẤğ倪İЂҰक्र्तिृまẤğ倪İЂҰक्र्तिृまẤğ倪İЂҰक्र्तिृまẤğ倪İนั้ढूँ]",
    "settings.python.analysis.indexing.description": "[KQtMd][นั้Ëñæþlë ïñðëxïñg øf ïñstællëð thïrð pærtÿ lïþrærïës æñð µsër fïlës før læñgµægë fëætµrës sµçh æs æµtø-ïmpørt, æðð ïmpørt, wørkspæçë sÿmþøls æñð ëtç.Ấğ倪İЂҰक्र्तिृまẤğ倪İЂҰक्र्तिृまẤğ倪İЂҰक्र्तिृまẤğ倪İЂҰक्र्तिृまẤğ倪นั้ढूँ]",
    "settings.python.analysis.inlayHints.callArgumentNames.description": "[P2fxV][นั้Ëñæþlë/ðïsæþlë ïñlæÿ hïñts før çæll ærgµmëñt ñæmës:Ấğ倪İЂҰक्र्तिृまẤğ倪İЂҰนั้ढूँ]\r\n[P2fxV][นั้```pÿthøñẤğ倪İนั้ढूँ]\r\n[P2fxV][นั้ðætëtïmë('ÿëær='2019, 'møñth='10, 'ðæÿ='27)Ấğ倪İЂҰक्र्तिृまẤğ倪นั้ढूँ]\r\n[P2fxV][นั้```Ấนั้ढूँ]\r\n",
    "settings.python.analysis.inlayHints.functionReturnTypes.description": "[exdBp][นั้Ëñæþlë/ðïsæþlë ïñlæÿ hïñts før fµñçtïøñ rëtµrñ tÿpës:Ấğ倪İЂҰक्र्तिृまẤğ倪İЂҰक्นั้ढूँ]\r\n[exdBp][นั้```pÿthøñẤğ倪İนั้ढूँ]\r\n[exdBp][นั้ðëf føø(x:ïñt) '-> ïñt':Ấğ倪İЂҰक्र्นั้ढूँ]\r\n[exdBp][นั้\trëtµrñ xẤğ倪İนั้ढूँ]\r\n[exdBp][นั้```Ấนั้ढूँ]\r\n",
    "settings.python.analysis.inlayHints.pytestParameters.description": "[2PZEB][นั้Ëñæþlë/ðïsæþlë ïñlæÿ hïñts før pÿtëst fµñçtïøñ pæræmëtërs:Ấğ倪İЂҰक्र्तिृまẤğ倪İЂҰक्र्นั้ढूँ]\r\n[2PZEB][นั้```pÿthøñẤğ倪İนั้ढूँ]\r\n[2PZEB][นั้ðëf tëst_føø(mÿ_fïxtµrë: 'str'):Ấğ倪İЂҰक्र्तिृนั้ढूँ]\r\n[2PZEB][นั้\tæssërt(mÿ_fïxtµrë == 'føø')Ấğ倪İЂҰक्र्तिृนั้ढूँ]\r\n[2PZEB][นั้```Ấนั้ढूँ]\r\n",
    "settings.python.analysis.inlayHints.variableTypes.description": "[cmEbd][นั้Ëñæþlë/ðïsæþlë ïñlæÿ hïñts før værïæþlë tÿpës:Ấğ倪İЂҰक्र्तिृまẤğ倪İนั้ढूँ]\r\n[cmEbd][นั้```pÿthøñẤğ倪İนั้ढूँ]\r\n[cmEbd][นั้føø':lïst[str]' = [\"æ\"]Ấğ倪İЂҰक्र्นั้ढूँ]\r\n[cmEbd][นั้ นั้ढूँ]\r\n[cmEbd][นั้```Ấนั้ढूँ]\r\n",
    "settings.python.analysis.logLevel.description": "[Sxq3o][นั้§pëçïfïës thë lëvël øf løggïñg før thë Øµtpµt pæñëlẤğ倪İЂҰक्र्तिृまẤğ倪İЂҰนั้ढूँ]",
    "settings.python.analysis.packageIndexDepths.description": "[XRr5s][นั้Üsëð tø øvërrïðë høw mæñÿ lëvëls µñðër ïñstællëð pæçkægës tø ïñðëx øñ æ për pæçkægë þæsïs. ßÿ ðëfæµlt, øñlÿ tøp-lëvël møðµlës ærë ïñðëxëð (ðëpth = 1). Tø ïñðëx sµþmøðµlës, ïñçrëæsë ðëpth þÿ 1 før ëæçh lëvël øf sµþmøðµlë ÿøµ wæñt tø ïñðëx. Æççëptëð vælµës ærë:Ấğ倪İЂҰक्र्तिृまẤğ倪İЂҰक्र्तिृまẤğ倪İЂҰक्र्तिृまẤğ倪İЂҰक्र्तिृまẤğ倪İЂҰक्र्तिृまẤğ倪İЂҰक्र्तिृまẤğ倪İЂҰक्र्तिृまẤğ倪İЂҰนั้ढूँ]\r\n[XRr5s][นั้```J§ØÑẤğ倪นั้ढूँ]\r\n[XRr5s][นั้{\"ñæmë\": \"pæçkægë ñæmë (str)\",Ấğ倪İЂҰक्र्तिृนั้ढूँ]\r\n[XRr5s][นั้ \"ðëpth\": \"ðëpth tø sçæñ (ïñt)\",Ấğ倪İЂҰक्र्तिृนั้ढूँ]\r\n[XRr5s][นั้ \"ïñçlµðëÆll§ÿmþøls\": \"whëthër tø ïñçlµðë æll sÿmþøls (þøøl)\"}Ấğ倪İЂҰक्र्तिृまẤğ倪İЂҰक्र्तिृนั้ढूँ]\r\n\r\n[XRr5s][นั้```Ấนั้ढूँ]\r\n[XRr5s][นั้Ïf `ïñçlµðë æll sÿmþøls` ïs sët tø `fælsë`, øñlÿ sÿmþøls ïñ ëæçh pæçkægë's `__æll__` ærë ïñçlµðëð. Whëñ ït's sët tø `trµë`, Pÿlæñçë wïll ïñðëx ëvërÿ møðµlë/tøp lëvël sÿmþøl ðëçlærætïøñs ïñ thë fïlë.  Ấğ倪İЂҰक्र्तिृまẤğ倪İЂҰक्र्तिृまẤğ倪İЂҰक्र्तिृまẤğ倪İЂҰक्र्तिृまẤğ倪İЂҰक्र्तिृまẤğ倪İЂҰक्र्นั้ढूँ]\r\n[XRr5s][นั้  Ấนั้ढूँ]\r\n[XRr5s][นั้Üsægë ëxæmplë: Ấğ倪İЂҰนั้ढूँ]\r\n[XRr5s][นั้```J§ØÑẤğ倪นั้ढूँ]\r\n[XRr5s][นั้[นั้ढूँ]\r\n[XRr5s][นั้\t{\"ñæmë\": \"sklëærñ\", \"ðëpth\": 2, \"ïñçlµðëÆll§ÿmþøls\": trµë},Ấğ倪İЂҰक्र्तिृまẤğ倪İЂҰक्र्นั้ढूँ]\r\n[XRr5s][นั้\t{\"ñæmë\": \"mætpløtlïþ\", \"ðëpth\": 3, \"ïñçlµðëÆll§ÿmþøls\": fælsë}Ấğ倪İЂҰक्र्तिृまẤğ倪İЂҰक्र्तिृนั้ढूँ]\r\n[XRr5s][นั้]นั้ढूँ]\r\n\r\n[XRr5s][นั้```Ấนั้ढूँ]\r\n",
    "settings.python.analysis.persistAllIndices.description": "[w9P65][นั้Ïñðïçës før æll thïrð pærtÿ lïþrærïës wïll þë përsïstëð tø ðïsk.Ấğ倪İЂҰक्र्तिृまẤğ倪İЂҰक्र्तिृนั้ढूँ]",
    "settings.python.analysis.stubPath.description": "[1lCIq][นั้Pæth tø ðïrëçtørÿ çøñtæïñïñg çµstøm tÿpë stµþ fïlës.Ấğ倪İЂҰक्र्तिृまẤğ倪İЂҰक्นั้ढूँ]",
    "settings.python.analysis.typeshedPaths.description": "[xob5D][นั้Pæths tø løøk før tÿpëshëð møðµlës.Ấğ倪İЂҰक्र्तिृまนั้ढूँ]",
    "settings.python.analysis.useLibraryCodeForTypes.description": "[CvcrD][นั้Üsë lïþrærÿ ïmplëmëñtætïøñs tø ëxtræçt tÿpë ïñførmætïøñ whëñ tÿpë stµþ ïs ñøt prësëñt.Ấğ倪İЂҰक्र्तिृまẤğ倪İЂҰक्र्तिृまẤğ倪İЂҰนั้ढूँ]",
    "settings.python.analysis.userFileIndexingLimit.description": "[rerGO][นั้Mæxïmµm ñµmþër øf µsër fïlës tø ïñðëx ïñ thë wørkspæçë. Ïñðëxïñg fïlës ïs æ përførmæñçë-ïñtëñsïvë tæsk. Plëæsë µsë thïs sëttïñg tø lïmït thë ñµmþër øf fïlës ÿøµ wæñt µs tø ïñðëx. Ïf ÿøµ ëñtër -1, wë wïll ïñðëx æll fïlës.Ấğ倪İЂҰक्र्तिृまẤğ倪İЂҰक्र्तिृまẤğ倪İЂҰक्र्तिृまẤğ倪İЂҰक्र्तिृまẤğ倪İЂҰक्र्तिृまẤğ倪İЂҰक्र्तिृまẤğ倪İนั้ढूँ]",
    "settings.typecheckingMode.basic.description": "[YaYid][นั้Æll \"øff\" rµlës + þæsïç tÿpë çhëçkïñg rµlës.Ấğ倪İЂҰक्र्तिृまẤğ倪İนั้ढूँ]",
    "settings.typecheckingMode.off.description": "[RwGj8][นั้§høw ðïægñøstïçs før ïñvælïð sÿñtæx, µñrësølvëð ïmpørts, µñðëfïñëð værïæþlës.Ấğ倪İЂҰक्र्तिृまẤğ倪İЂҰक्र्तिृまẤğ倪นั้ढूँ]",
    "settings.typecheckingMode.standard.description": "[Ft6FC][นั้Æll \"øff\" rµlës + þæsïç tÿpë çhëçkïñg rµlës + stæñðærð tÿpëçhëçkër rµlës.Ấğ倪İЂҰक्र्तिृまẤğ倪İЂҰक्र्तिृまẤนั้ढूँ]",
    "settings.typecheckingMode.strict.description": "[kAxKi][นั้Æll \"øff\" rµlës + æll tÿpë çhëçkïñg rµlës.Ấğ倪İЂҰक्र्तिृまẤğ倪นั้ढूँ]"
}
