{
    "ClientLoc.autoImportCompletionsStatusItem.name": "Python 자동 가져오기 완료 모드",
    "ClientLoc.autoImportCompletionsStatusItem.text": "자동 가져오기 완료: {0}",
    "ClientLoc.autoImportCompletionsStatusItem.titleOff": "끄기로 전환",
    "ClientLoc.autoImportCompletionsStatusItem.titleOn": "켜기로 전환",
    "ClientLoc.typeCheckingModeStatusItem.name": "Python 유형 검사 모드",
    "ClientLoc.typeCheckingModeStatusItem.text": "형식 검사: {0}",
    "ClientLoc.typeCheckingModeStatusItem.titleOff": "끄기로 전환",
    "ClientLoc.typeCheckingModeStatusItem.titleOn": "켜기로 전환",
    "ClientLoc.updateSettingsErrorMsgFormatted": "‘{0}.{1}‘ 설정을 업데이트할 수 없습니다.",
    "Common.No": "아니요",
    "Common.Yes": "예",
    "Common.reload": "다시 로드",
    "Common.remindMeLater": "나중에 알림",
    "Insiders.installingPreRelease": "Pylance 시험판 빌드를 설치하는 중...",
    "LanguageServer.settingsMigratedMessage": "Microsoft 언어 서버에 적용할 수 있는 설정이 Pylance 설정에 복사되었습니다. 자세한 내용은 settings.json 파일을 확인하세요.",
    "LanguageServer.settingsMigrationError": "다음 설정을 마이그레이션할 수 없습니다.",
    "Refactoring.MoveSymbol.newFileDetail": "경로 입력 또는 대상 파일 선택",
    "Refactoring.MoveSymbol.newFileLabel": "대상 파일 경로 입력",
    "Refactoring.MoveSymbol.openDialogOpenLabel": "선택",
    "Refactoring.MoveSymbol.openDialogTitle": "기호를 이동할 새 파일 선택...",
    "Refactoring.MoveSymbol.progressBarTitle": "기호를 다음으로 이동...",
    "Refactoring.MoveSymbol.quickPickPlaceHolder": "대상 파일 검색",
    "Refactoring.MoveSymbol.quickPickTitle": "이동할 대상 선택",
    "Refactoring.MoveSymbol.separatorText": "대상 파일",
    "settings.python.analysis.addImport.exactMatchOnly.description": "'가져오기 추가' 코드 작업에서 정확히 일치하는 항목만 제공",
    "settings.python.analysis.autoFormatStrings.description": "문자열에 '{'를 입력할 때 문자열 앞에 'f'를 자동으로 접두사로 추가합니다.",
    "settings.python.analysis.autoImportCompletions.description": "자동 가져오기 완료를 사용하도록 설정합니다.",
    "settings.python.analysis.autoSearchPaths.description": "'src'와 같은 일반 검색 경로를 자동으로 추가합니다.",
    "settings.python.analysis.completeFunctionParens.description": "함수 완성에 괄호를 추가합니다.",
    "settings.python.analysis.diagnosticMode.description": "진단을 표시하기 위한 분석 범위입니다.",
    "settings.python.analysis.diagnosticSeverityOverrides.description": "사용자가 개별 진단의 심각도 수준을 재정의할 수 있습니다. 규칙 이름을 키로 사용하고 \"error\", \"warning\", \"information\", \"none\", 'true'(\"error\"의 별칭) 또는 'false'(\"none\"의 별칭) 중 하나를 값으로 사용합니다. 각 진단에 대해 표시되는 기본값은 \"python.analysis.typeCheckingMode\"가 \"off\"로 설정된 경우 기본값입니다. 각 형식 검사 모드(\"off\", \"basic\" 및 \"strict\")의 기본값은 [여기](https://github.com/microsoft/pyright/blob/main/docs/configuration.md#diagnostic-rule-defaults)를 참조하세요.",
    "settings.python.analysis.enablePytestSupport.description": "Pylance에서 pytest 지원을 사용하도록 설정합니다.",
    "settings.python.analysis.enableSyncServer.description": "동기화 서버 모드 [Experimental]을 사용합니다. 내부용으로만 Pylance의 작동이 중지될 수 있습니다.",
    "settings.python.analysis.exclude.description": "포함해서는 안 되는 디렉터리 또는 파일의 경로입니다. 이러한 디렉터리는 포함 디렉터리를 재정의하여 특정 하위 디렉터리를 제외할 수 있도록 합니다. 제외 경로의 파일은 제외되지 않은 원본 파일에서 참조(가져오기)되는 경우 분석에 계속 포함될 수 있습니다. 경로에는 와일드카드 문자 ** (디렉터리 또는 여러 수준의 디렉터리), * (0개 이상의 문자 시퀀스) 또는 ?가 포함될 수 있습니다. (단일 문자). 제외 경로를 지정하지 않으면 Pylance는 '**/node_modules', '**/__pycache__', '.git' 및 모든 가상 환경 디렉터리를 자동으로 제외합니다.",
    "settings.python.analysis.extraCommitChars.description": "해당하는 경우 '.', '('를 커밋 문자로 사용할 수 있습니다.",
    "settings.python.analysis.extraPaths.description": "추가 가져오기 검색 확인 경로",
    "settings.python.analysis.fixAll.description": "모든 수정 사항에서 실행할 소스 수정 사항입니다.",
    "settings.python.analysis.gotoDefinitionInStringLiteral.description": "모듈 이름처럼 보이는 문자열 리터럴의 경우 정의로 이동하여 모듈로 이동할 수 있습니다.",
    "settings.python.analysis.ignore.description": "포함된 파일이거나 포함된 파일의 전이적 닫기 내에 있더라도 진단 출력(오류 및 경고)을 표시하지 않아야 하는 디렉터리 또는 파일의 경로입니다. 경로에는 와일드카드 문자 ** (디렉터리 또는 여러 수준의 디렉터리), * (0개 이상의 문자 시퀀스) 또는 ?가 포함될 수 있습니다. (단일 문자).",
    "settings.python.analysis.importFormat.description": "가져오기 모듈의 기본 형식을 정의합니다.",
    "settings.python.analysis.include.description": "포함해야 하는 디렉터리 또는 파일의 경로입니다. 경로를 지정하지 않으면 Pylance는 기본적으로 작업 영역 루트 디렉터리로 설정됩니다. 경로에는 와일드카드 문자 ** (디렉터리 또는 여러 수준의 디렉터리), * (0개 이상의 문자 시퀀스) 또는 ?가 포함될 수 있습니다. (단일 문자).",
    "settings.python.analysis.indexing.description": "자동 가져오기, 가져오기 추가, 작업 영역 기호 등과 같은 언어 기능에 대해 설치된 타사 라이브러리 및 사용자 파일의 인덱싱을 사용하도록 설정합니다.",
    "settings.python.analysis.inlayHints.callArgumentNames.description": "호출 인수 이름에 대한 인레이 힌트를 사용하거나 사용하지 않도록 설정합니다.\r\n```python\r\ndatetime('year='2019, 'month='10, 'day='27)\r\n```\r\n",
    "settings.python.analysis.inlayHints.functionReturnTypes.description": "함수 반환 형식에 대한 인레이 힌트를 사용하거나 사용하지 않도록 설정합니다.\r\n```python\r\ndef foo(x:int) '-> int':\r\n\tx 반환\r\n```\r\n",
    "settings.python.analysis.inlayHints.pytestParameters.description": "pytest 함수 매개 변수에 대한 인레이 힌트를 사용하거나 사용하지 않도록 설정합니다.\r\n```python\r\ndef test_foo(my_fixture: 'str'):\r\n\tassert(my_fixture == 'foo')\r\n```\r\n",
    "settings.python.analysis.inlayHints.variableTypes.description": "변수 형식에 대한 인레이 힌트를 사용하거나 사용하지 않도록 설정합니다.\r\n```python\r\nfoo':list[str]' = [\"a\"]\r\n \r\n```\r\n",
    "settings.python.analysis.logLevel.description": "출력 패널에 대한 로깅 수준을 지정합니다.",
    "settings.python.analysis.packageIndexDepths.description": "설치된 패키지에서 패키지별로 인덱싱할 수준 수를 재정의하는 데 사용되었습니다. 기본적으로 최상위 모듈만 인덱싱됩니다(깊이 = 1). 하위 모듈을 인덱싱하려면 인덱싱하려는 하위 모듈의 각 수준에 대해 깊이를 1씩 늘입니다. 허용되는 값은 다음과 같습니다.\r\n```JSON\r\n{\"name\": \"package name (str)\",\r\n \"depth\": \"depth to scan (int)\",\r\n \"includeAllSymbols\": \"whether to include all symbols (bool)\"}\r\n\r\n```\r\n'모든 기호 포함'이 'false'로 설정된 경우 각 패키지의 '__all__'에 있는 기호만 포함됩니다. 'true'로 설정하면 Pylance는 파일의 모든 모듈/최상위 기호 선언을 인덱싱합니다.  \r\n  \r\n사용 예제: \r\n```JSON\r\n[\r\n\t{\"name\": \"sklearn\", \"depth\": 2, \"includeAllSymbols\": true},\r\n\t{\"name\": \"matplotlib\", \"depth\": 3, \"includeAllSymbols\": false}\r\n]\r\n\r\n```\r\n",
    "settings.python.analysis.persistAllIndices.description": "모든 타사 라이브러리에 대한 인덱스는 디스크에 유지됩니다.",
    "settings.python.analysis.stubPath.description": "사용자 지정 형식 스텁 파일을 포함하는 디렉터리의 경로입니다.",
    "settings.python.analysis.typeshedPaths.description": "typeshed 모듈을 찾을 경로입니다.",
    "settings.python.analysis.useLibraryCodeForTypes.description": "형식 스텁이 없는 경우 라이브러리 구현을 사용하여 형식 정보를 추출합니다.",
    "settings.python.analysis.userFileIndexingLimit.description": "작업 영역에서 인덱싱할 최대 사용자 파일 수입니다. 파일 인덱싱은 성능 집약적인 작업입니다. 인덱싱할 파일 수를 제한하려면 이 설정을 사용하세요. -1을 입력하면 모든 파일을 인덱싱합니다.",
    "settings.typecheckingMode.basic.description": "모든 \"해제\" 규칙 + 기본 형식 검사 규칙입니다.",
    "settings.typecheckingMode.off.description": "잘못된 구문, 확인되지 않은 가져오기, 정의되지 않은 변수에 대한 진단을 표시합니다.",
    "settings.typecheckingMode.standard.description": "모든 \"해제\" 규칙 + 기본 형식 검사 규칙 + 표준 형식 검사 규칙.",
    "settings.typecheckingMode.strict.description": "모든 \"해제\" 규칙 + 모든 형식 검사 규칙입니다."
}
