{
    "ClientLoc.autoImportCompletionsStatusItem.name": "Modo de Conclusão de Importação Automática do Python",
    "ClientLoc.autoImportCompletionsStatusItem.text": "Preenchimentos de Importação Automática: {0}",
    "ClientLoc.autoImportCompletionsStatusItem.titleOff": "Alternar para desativado",
    "ClientLoc.autoImportCompletionsStatusItem.titleOn": "Alternar para ativado",
    "ClientLoc.typeCheckingModeStatusItem.name": "Modo de Verificação de Tipo do Python",
    "ClientLoc.typeCheckingModeStatusItem.text": "Verificação de Tipo: {0}",
    "ClientLoc.typeCheckingModeStatusItem.titleOff": "Alternar para desativado",
    "ClientLoc.typeCheckingModeStatusItem.titleOn": "Alternar para ativado",
    "ClientLoc.updateSettingsErrorMsgFormatted": "Falha ao atualizar a configuração \"{0}.{1}\".",
    "Common.No": "Não",
    "Common.Yes": "Sim",
    "Common.reload": "Recarregar",
    "Common.remindMeLater": "Lembrar mais tarde",
    "Insiders.installingPreRelease": "Instalando o build de pré-lançamento do Pylance...",
    "LanguageServer.settingsMigratedMessage": "As configurações aplicáveis ao Microsoft Language Server foram copiadas para as configurações do Pylance. Consulte os arquivos settings.json para obter detalhes.",
    "LanguageServer.settingsMigrationError": "Não foi possível migrar as seguintes configurações:",
    "Refactoring.MoveSymbol.newFileDetail": "Insira o caminho ou selecione o arquivo de destino",
    "Refactoring.MoveSymbol.newFileLabel": "Inserir o caminho do arquivo de destino",
    "Refactoring.MoveSymbol.openDialogOpenLabel": "Selecionar",
    "Refactoring.MoveSymbol.openDialogTitle": "Selecione o novo arquivo para o qual mover o símbolo",
    "Refactoring.MoveSymbol.progressBarTitle": "Mover símbolo para",
    "Refactoring.MoveSymbol.quickPickPlaceHolder": "Pesquisar arquivo de destino",
    "Refactoring.MoveSymbol.quickPickTitle": "Selecione o destino para mover",
    "Refactoring.MoveSymbol.separatorText": "Arquivos de Destino",
    "settings.python.analysis.addImport.exactMatchOnly.description": "Oferecer apenas correspondências exatas em ações de código `add import`",
    "settings.python.analysis.autoFormatStrings.description": "Ao digitar um ''{'' em uma cadeia de caracteres, prefixe automaticamente a cadeia de caracteres com um ''f''.",
    "settings.python.analysis.autoImportCompletions.description": "Habilitar preenchimentos de importação automática.",
    "settings.python.analysis.autoSearchPaths.description": "Adicione automaticamente os caminhos de pesquisa comuns como ''src''.",
    "settings.python.analysis.completeFunctionParens.description": "Adicionar parênteses às conclusões da função.",
    "settings.python.analysis.diagnosticMode.description": "Escopo de análise para mostrar o diagnóstico.",
    "settings.python.analysis.diagnosticSeverityOverrides.description": "Permite que um usuário substitua os níveis de severidade para diagnósticos individuais. Use o nome da regra como uma chave e um de \"error\", \"warning\", \"information\", \"none\", `true` (alias para \"error\") ou `false` (alias para \"none\") como valor. O valor padrão mostrado para cada diagnóstico é o padrão quando \"python.analysis.typeCheckingMode\" estiver definido como \"desativado\". Confira [aqui](https://github.com/microsoft/pyright/blob/main/docs/configuration.md#diagnostic-rule-defaults) para obter os padrões para cada modo de verificação de tipo (\"desativado\", \"básico\" e \"estrito\").",
    "settings.python.analysis.enablePytestSupport.description": "Habilita o suporte ao pytest no Pylance.",
    "settings.python.analysis.enableSyncServer.description": "Use o modo de servidor de sincronização [Experimental]. Somente para uso interno, pode fazer com que o Pylance pare de funcionar.",
    "settings.python.analysis.exclude.description": "Caminhos de diretórios ou arquivos que não devem ser incluídos. Eles substituem os diretórios de inclusão, permitindo que subdiretórios específicos sejam excluídos. Observe que os arquivos nos caminhos de exclusão ainda poderão ser incluídos na análise se forem referenciados (importados) por arquivos de origem que não são excluídos. Os caminhos podem conter caracteres curinga ** (um diretório ou vários níveis de diretórios), * (uma sequência de zero ou mais caracteres) ou ? (um único caractere). Se nenhum caminho de exclusão for especificado, o Pylance excluirá automaticamente o seguinte: `**/node_modules`, `**/__pycache__`, `.git` e os diretórios de ambiente virtual.",
    "settings.python.analysis.extraCommitChars.description": "Permitir o uso de ''.'', ''('' como caracteres de confirmação quando aplicável.",
    "settings.python.analysis.extraPaths.description": "Caminhos de resolução de pesquisa de importação adicionais",
    "settings.python.analysis.fixAll.description": "correções de origem a serem executadas para corrigir tudo.",
    "settings.python.analysis.gotoDefinitionInStringLiteral.description": "Para literais de cadeia de caracteres que se parecem com os nomes de módulo, permite ir para definição para ir para o módulo.",
    "settings.python.analysis.ignore.description": "Caminhos de diretórios ou arquivos cuja saída de diagnóstico (erros e avisos) deve ser suprimida mesmo que seja um arquivo incluído ou dentro do fechamento transitivo de um arquivo incluído. Os caminhos podem conter caracteres curinga ** (um diretório ou vários níveis de diretórios), * (uma sequência de zero ou mais caracteres) ou ? (um único caractere).",
    "settings.python.analysis.importFormat.description": "Define o formato padrão para o módulo de importação.",
    "settings.python.analysis.include.description": "Caminhos de diretórios ou arquivos que devem ser incluídos. Se nenhum caminho for especificado, o Pylance usa como padrão o diretório raiz do workspace. Os caminhos podem conter caracteres curinga ** (um diretório ou vários níveis de diretórios), * (uma sequência de zero ou mais caracteres) ou ? (um único caractere).",
    "settings.python.analysis.indexing.description": "Habilite a indexação de bibliotecas de terceiros e arquivos de usuário instalados para recursos de idioma como importação automática, adição de importação, símbolos de workspace e etc.",
    "settings.python.analysis.inlayHints.callArgumentNames.description": "Habilitar/desabilitar dicas embutidas para nomes de argumentos de chamada:\r\n```python\r\ndatetime('year='2019, 'month='10, 'day='27)\r\n```\r\n",
    "settings.python.analysis.inlayHints.functionReturnTypes.description": "Habilitar/desabilitar dicas embutidas para tipos de retorno de função:\r\n```python\r\ndef foo(x:int) '-> int':\r\n\treturn x\r\n```\r\n",
    "settings.python.analysis.inlayHints.pytestParameters.description": "Habilitar/desabilitar dicas embutidas para parâmetros de função pytest:\r\n```python\r\ndef test_foo(my_fixture: 'str'):\r\n\tassert(my_fixture == 'foo')\r\n```\r\n",
    "settings.python.analysis.inlayHints.variableTypes.description": "Habilite/desabilite as dicas embutidas para os tipos de variáveis:\r\n```python\r\nfoo':list[str]' = [\"a\"]\r\n \r\n```\r\n",
    "settings.python.analysis.logLevel.description": "Especifica o nível de registro do painel Saída",
    "settings.python.analysis.packageIndexDepths.description": "Usado para substituir quantos níveis abaixo dos pacotes instalados são indexados por pacote. Por padrão, somente os módulos de nível superior são indexados (profundidade = 1). Para indexar submódulos, aumente a profundidade em 1 para cada nível de submódulo que você deseja indexar. Os valores aceitos são:\r\n```JSON\r\n{\"name\": \"package name (str)\",\r\n \"depth\": \"depth to scan (int)\",\r\n \"includeAllSymbols\": \"whether to include all symbols (bool)\"}\r\n\r\n```\r\nSe `include all symbols` estiver definido como `false`, somente os símbolos no `__all__` de cada pacote serão incluídos. Quando definido como `true`, o Pylance indexará todas as declarações de símbolo de nível superior/módulo no arquivo.  \r\n  \r\nExemplo de uso: \r\n```JSON\r\n[\r\n\t{\"name\": \"sklearn\", \"depth\": 2, \"includeAllSymbols\": true},\r\n\t{\"name\": \"matplotlib\", \"depth\": 3, \"includeAllSymbols\": false}\r\n]\r\n\r\n```\r\n",
    "settings.python.analysis.persistAllIndices.description": "Os índices de todas as bibliotecas de terceiros serão mantidos no disco.",
    "settings.python.analysis.stubPath.description": "Caminho para o diretório que contém arquivos stub de tipo personalizado.",
    "settings.python.analysis.typeshedPaths.description": "Caminhos para procurar módulos com tipos.",
    "settings.python.analysis.useLibraryCodeForTypes.description": "Use implementações de biblioteca para extrair informações de tipo quando o tipo stub não estiver presente.",
    "settings.python.analysis.userFileIndexingLimit.description": "Número máximo de arquivos de usuário a serem indexados no workspace. A indexação de arquivos é uma tarefa de alto desempenho. Use essa configuração para limitar o número de arquivos que você deseja indexar. Se você inserir -1, indexaremos todos os arquivos.",
    "settings.typecheckingMode.basic.description": "Todas as regras \"desativadas\" + regras básicas de verificação de tipo.",
    "settings.typecheckingMode.off.description": "Mostrar diagnósticos de sintaxe inválida, importações não resolvidas, variáveis indefinidas.",
    "settings.typecheckingMode.standard.description": "Todas as regras \"desativadas\" + regras básicas de verificação de tipo + regras de verificador de tipo padrão.",
    "settings.typecheckingMode.strict.description": "Todas as regras \"desativadas\" + todas as regras de verificação de tipo."
}
