{"DataScience.exportAsNotebook.shorttitle":"§ævë","DataScience.exportDialogTitle":"Ëxpørt tø Jµpÿtër Notebook","DataScience.installPythonExtensionViaKernelPickerTitle":"Ïñstæll Pÿthøñ Ëxtëñsïøñ","DataScience.installPythonTitle":"Ïñstæll Pÿthøñ","DataScience.interactiveClearAllCells":"Çlëær Æll","DataScience.interactiveCopyCell":"Çøpÿ Çëll","DataScience.interactiveGoToCode":"Gø tø çøðë","DataScience.latestExtension":"Ðøwñløæð thë lætëst vërsïøñ øf thë Jµpÿtër Ëxtëñsïøñ","DataScience.notebookExport":"Ëxpørt","DataScience.notebookExportAs":"Ëxpørt Æs","DataScience.notebookExportAs.shorttitle":"Ëxpørt","DataScience.refreshDataViewerCommandPalette":"Rëfrësh Ðætæ Vïëwër","DataScience.runInDedicatedExtensionHost":"Rµñ ïñ Ðëðïçætëð Ëxtëñsïøñ Høst","DataScience.switchToRemoteKernelsTitle":"Çøññëçt tø æ Jµpÿtër §ërvër","capabilities.untrustedWorkspace.description":"Ëxëçµtïøñ øf çëlls ïñ Ïñtëræçtïvë Wïñðøw æñð Ñøtëþøøks ïs ñøt sµppørtëð ïñ µñtrµstëð wørkspæçës.","contributes.walkthroughs.jupyterWelcome.description":"Ýøµr fïrst stëps tø sët µp æ Jµpÿtër prøjëçt wïth æll thë pøwërfµl tøøls æñð fëætµrës thæt thë Jµpÿtër Ëxtëñsïøñ hæs tø øffër!","contributes.walkthroughs.jupyterWelcome.steps.ipynb.newUntitledIpynb.description":"Rïght çlïçk ïñ thë fïlë ëxplørër æñð çrëætë æ ñëw fïlë wïth æñ .ïpÿñþ ëxtëñsïøñ. Ør, øpëñ thë [Çømmæñð Pælëttë](command:workbench.action.showCommands) æñð rµñ thë çømmæñð \n``Çrëætë: Ñëw Jµpÿtër Ñøtëþøøk``.\n[Çrëætë Ñëw Jµpÿtër Ñøtëþøøk](command:toSide:ipynb.newUntitledIpynb)\n Ïf ÿøµ hævë æñ ëxïstïñg prøjëçt, ÿøµ çæñ ælsø [øpëñ æ følðër](command:toSide:workbench.action.files.openFolder) æñð/ør çløñë æ prøjëçt frøm GïtHµþ: [çløñë æ Gït rëpøsïtørÿ](command:toSide:git.clone).","contributes.walkthroughs.jupyterWelcome.steps.ipynb.newUntitledIpynb.media.altText":"Çrëætïñg æ ñëw Jµpÿtër ñøtëþøøk","contributes.walkthroughs.jupyterWelcome.steps.ipynb.newUntitledIpynb.title":"Çrëætë ør øpëñ æ Jµpÿtër Ñøtëþøøk","contributes.walkthroughs.jupyterWelcome.steps.jupyter.dataScienceLearnMore.description":"🎨 Ëxplørë æll thë fëætµrës thë Jµpÿtër Ëxtëñsïøñ hæs tø øffër þÿ løøkïñg før \"Jµpÿtër\" ïñ thë [Çømmæñð Pælëttë](command:workbench.action.showCommands). \n 📈 £ëærñ mørë æþøµt gëttïñg stærtëð wïth ðætæ sçïëñçë ïñ [Pÿthøñ](command:workbench.action.openWalkthrough?%7B%22category%22%3A%22ms-python.python%23pythonDataScienceWelcome%22%2C%22step%22%3A%22ms-python.python%23python.createNewNotebook%22%7D) þÿ ïñstællïñg thë Pÿthøñ Ëxtëñsïøñ ([sëærçh Pÿthøñ ëxtëñsïøñ](command:workbench.extensions.search?\"ms-python.python\")). \n 📃 Fïñð øµt mørë fëætµrës ïñ øµr [Tµtørïæls](https://çøðë.vïsµælstµðïø.çøm/docs/datascience/jupyter-notebooks).  \n[£ëærñ mørë](https://ækæ.ms/ÆÆðær6q)","contributes.walkthroughs.jupyterWelcome.steps.jupyter.dataScienceLearnMore.media.altText":"Ïmægë rëprësëñtïñg øµr ðøçµmëñtætïøñ pægë æñð mæïlïñg lïst rësøµrçës.","contributes.walkthroughs.jupyterWelcome.steps.jupyter.dataScienceLearnMore.title":"Fïñð øµt mørë!","contributes.walkthroughs.jupyterWelcome.steps.jupyter.exploreAndDebug.description":"📅 Ýøµ çæñ µsë thë [Ðætæ Vïëwër](https://çøðë.vïsµælstµðïø.çøm/ðøçs/ðætæsçïëñçë/ðætæ-sçïëñçë-tµtørïæl#_prëpærë-thë-ðætæ) tø vïëw, sørt, æñð fïltër thë røws øf ðætæ. Æftër løæðïñg ÿøµr ðætæ, çlïçk \"Værïæþlës\" æt thë tøp rïght øf ñøtëþøøk æñð çlïçk thë Ðætæ Vïëwër ïçøñ tø thë lëft øf thë ðætæ tæþlë. \n \n[£ëærñ æþøµt Ðætæ Vïëwër](https://çøðë.vïsµælstµðïø.çøm/ðøçs/ðætæsçïëñçë/ðætæ-sçïëñçë-tµtørïæl#_prëpærë-thë-ðætæ)\n \n📒 Ðëþµg ÿøµr ñøtëþøøk µsïñg thë [Rµñ þÿ £ïñë](https://çøðë.vïsµælstµðïø.çøm/ðøçs/ðætæsçïëñçë/jµpÿtër-ñøtëþøøks#_rµñ-þÿ-lïñë) møðë tø ëxëçµtë æ çëll øñë lïñë æt æ tïmë. Çlïçk thë Rµñ þÿ £ïñë ïçøñ frøm ÿøµr çëll (plæÿ þµttøñ wïth lïñës) ør hït F10. \n \n[£ëærñ æþøµt Rµñ þÿ £ïñë](https://çøðë.vïsµælstµðïø.çøm/ðøçs/ðætæsçïëñçë/jµpÿtër-ñøtëþøøks#_rµñ-þÿ-lïñë)","contributes.walkthroughs.jupyterWelcome.steps.jupyter.exploreAndDebug.media.altText":"Øpëñïñg ðætæ vïëwër","contributes.walkthroughs.jupyterWelcome.steps.jupyter.exploreAndDebug.title":"Ëxplørë ðætæ æñð ðëþµg","contributes.walkthroughs.jupyterWelcome.steps.jupyter.selectKernel.description":"Çlïçk §ëlëçt Kërñël æt thë tøp rïght øf thë ñøtëþøøk æñð çhøøsë thë ëñvïrøñmëñt ïñ whïçh tø rµñ ÿøµr kërñël. Ør, wïth æ ñøtëþøøk øpëñëð æñð ïñ føçµs, øpëñ thë [Çømmæñð Pælëttë](command:workbench.action.showCommands) æñð rµñ thë çømmæñð: \n``Ñøtëþøøk: §ëlëçt Ñøtëþøøk Kërñël``. \n[Øpëñ Çømmæñð Pælëttë tø §ëlëçt æ Jµpÿtër Kërñël](command:workbench.action.showCommands)","contributes.walkthroughs.jupyterWelcome.steps.jupyter.selectKernel.media.altText":"§ëlëçtïñg ør çhæñgïñg æ ñøtëþøøk kërñël","contributes.walkthroughs.jupyterWelcome.steps.jupyter.selectKernel.title":"§ëlëçt æ Jµpÿtër kërñël","contributes.walkthroughs.jupyterWelcome.title":"Gët §tærtëð wïth Jµpÿtër Ñøtëþøøks","jupyter.command.dataScience.clearCache.title":"Çlëær Çæçhë","jupyter.command.dataScience.clearUserProviderJupyterServerCache.title":"Çlëær Üsër Jµpÿtër §ërvër Çæçhë","jupyter.command.editor.interactiveWindow.context.label":"Rµñ ïñ Ïñtëræçtïvë Wïñðøw","jupyter.command.jupyter.addcellbelow.title":"Æðð Ëmptÿ Çëll tø Fïlë","jupyter.command.jupyter.changeCellToCode.title":"Çhæñgë Çëll tø Çøðë","jupyter.command.jupyter.changeCellToMarkdown.title":"Çhæñgë Çëll tø Mærkðøwñ","jupyter.command.jupyter.clearSavedJupyterUris.title":"Çlëær Jµpÿtër Rëmøtë §ërvër £ïst","jupyter.command.jupyter.collapseallcells.shorttitle":"Çøllæpsë","jupyter.command.jupyter.collapseallcells.title":"Çøllæpsë Æll Çëll Ïñpµts","jupyter.command.jupyter.createnewinteractive.title":"Çrëætë Ïñtëræçtïvë Wïñðøw","jupyter.command.jupyter.createnewnotebook.title":"Çrëætë Ñëw Jµpÿtër Ñøtëþøøk","jupyter.command.jupyter.debugCell.title":"Ðëþµg Çëll","jupyter.command.jupyter.debugFileInteractive.title":"Ðëþµg Çµrrëñt Fïlë ïñ Ïñtëræçtïvë Wïñðøw","jupyter.command.jupyter.debugcell.title":"Ðëþµg Çëll","jupyter.command.jupyter.debugcontinue.title":"Çøñtïñµë","jupyter.command.jupyter.debugcurrentcell.palette.title":"Ðëþµg Çµrrëñt Çëll","jupyter.command.jupyter.debugstepover.title":"§tëp Øvër","jupyter.command.jupyter.debugstop.title":"§tøp","jupyter.command.jupyter.deleteCells.title":"Ðëlëtë §ëlëçtëð Çëlls","jupyter.command.jupyter.enableDebugLogging.title":"Ëñæþlë Ðëþµg £øggïñg","jupyter.command.jupyter.execSelectionInteractive.title":"Rµñ §ëlëçtïøñ/£ïñë ïñ Ïñtëræçtïvë Wïñðøw","jupyter.command.jupyter.expandallcells.shorttitle":"Ëxpæñð","jupyter.command.jupyter.expandallcells.title":"Ëxpæñð Æll Çëll Ïñpµts","jupyter.command.jupyter.exportAsPythonScript.title":"Ëxpørt tø Pÿthøñ §çrïpt","jupyter.command.jupyter.exportToHTML.title":"Ëxpørt tø HTM£","jupyter.command.jupyter.exportToPDF.title":"Ëxpørt tø PÐF","jupyter.command.jupyter.exportfileandoutputasnotebook.title":"Ëxpørt Çµrrëñt Pÿthøñ Fïlë æñð Øµtpµt æs Jµpÿtër Notebook","jupyter.command.jupyter.exportfileasnotebook.title":"Ëxpørt Çµrrëñt Pÿthøñ Fïlë æs Jµpÿtër Notebook","jupyter.command.jupyter.exportoutputasnotebook.title":"Ëxpørt Ïñtëræçtïvë Wïñðøw æs Jµpÿtër Notebook","jupyter.command.jupyter.extendSelectionByCellAbove.title":"Ëxtëñð §ëlëçtïøñ ßÿ Çëll Æþøvë","jupyter.command.jupyter.extendSelectionByCellBelow.title":"Ëxtëñð §ëlëçtïøñ ßÿ Çëll ßëløw","jupyter.command.jupyter.filterKernels.title":"Fïltër Kërñëls","jupyter.command.jupyter.gotoNextCellInFile.title":"Gø tø Ñëxt Çëll","jupyter.command.jupyter.gotoPrevCellInFile.title":"Gø tø Prëvïøµs Çëll","jupyter.command.jupyter.importnotebook.title":"Ïmpørt Jµpÿtër Notebook","jupyter.command.jupyter.importnotebookfile.title":"Ïmpørt Ñøtëþøøk tø §çrïpt","jupyter.command.jupyter.insertCellAbove.title":"Ïñsërt Çëll Æþøvë","jupyter.command.jupyter.insertCellBelow.title":"Ïñsërt Çëll ßëløw","jupyter.command.jupyter.insertCellBelowPosition.title":"Ïñsërt Çëll ßëløw Pøsïtïøñ","jupyter.command.jupyter.interruptkernel.shorttitle":"Ïñtërrµpt","jupyter.command.jupyter.interruptkernel.title":"Ïñtërrµpt Kërñël","jupyter.command.jupyter.moveCellsDown.title":"Møvë §ëlëçtëð Çëlls Ðøwñ","jupyter.command.jupyter.moveCellsUp.title":"Møvë §ëlëçtëð Çëlls Üp","jupyter.command.jupyter.notebookeditor.addcellbelow.title":"Æðð Ëmptÿ Çëll tø Notebook Fïlë","jupyter.command.jupyter.notebookeditor.collapseallcells.title":"Çøllæpsë Æll Notebook Çëlls","jupyter.command.jupyter.notebookeditor.expandallcells.title":"Ëxpæñð Æll Notebook Çëlls","jupyter.command.jupyter.notebookeditor.removeallcells.title":"Ðëlëtë Æll Notebook Ëðïtør Çëlls","jupyter.command.jupyter.openOutlineView.shorttitle":"Øµtlïñë","jupyter.command.jupyter.openOutlineView.title":"§høw Tæþlë Øf Çøñtëñts (Øµtlïñë Vïëw)","jupyter.command.jupyter.openVariableView.shorttitle":"Værïæþlës","jupyter.command.jupyter.openVariableView.title":"Øpëñ Værïæþlës Vïëw","jupyter.command.jupyter.replayPylanceLog.title":"Rëplæÿ Pÿlæñçë £øg","jupyter.command.jupyter.replayPylanceLogStep.title":"§tëp Pÿlæñçë £øg","jupyter.command.jupyter.resetLoggingLevel.title":"Rësët £øggïñg £ëvël","jupyter.command.jupyter.restartkernel.shorttitle":"Rëstært","jupyter.command.jupyter.restartkernel.title":"Rëstært Kërñël","jupyter.command.jupyter.restartkernelandrunallcells.shorttitle":"Rëstært æñð Rµñ Æll","jupyter.command.jupyter.restartkernelandrunallcells.title":"Rëstært Kërñël æñð Rµñ Æll Çëlls","jupyter.command.jupyter.restartkernelandrunuptoselectedcell.title":"Rëstært Kërñël æñð Rµñ Üp Tø §ëlëçtëð Çëll","jupyter.command.jupyter.runByLine.title":"Rµñ þÿ £ïñë","jupyter.command.jupyter.runByLineNext.title":"Rµñ Ñëxt £ïñë","jupyter.command.jupyter.runByLineStop.title":"Çøñtïñµë Ëxëçµtïøñ","jupyter.command.jupyter.runFileInteractive.title":"Rµñ Çµrrëñt Fïlë ïñ Ïñtëræçtïvë Wïñðøw","jupyter.command.jupyter.runallcells.title":"Rµñ Æll Çëlls","jupyter.command.jupyter.runallcellsabove.palette.title":"Rµñ Çëlls Æþøvë Çµrrëñt Çëll","jupyter.command.jupyter.runallcellsabove.title":"Rµñ Æþøvë","jupyter.command.jupyter.runcell.title":"Rµñ Çëll","jupyter.command.jupyter.runcellandallbelow.title":"Rµñ ßëløw","jupyter.command.jupyter.runcurrentcell.title":"Rµñ Çµrrëñt Çëll","jupyter.command.jupyter.runcurrentcelladvance.title":"Rµñ Çµrrëñt Çëll Æñð Æðvæñçë","jupyter.command.jupyter.runcurrentcellandallbelow.palette.title":"Rµñ Çµrrëñt Çëll æñð ßëløw","jupyter.command.jupyter.runfromline.title":"Rµñ Frøm £ïñë ïñ Ïñtëræçtïvë Wïñðøw","jupyter.command.jupyter.runtoline.title":"Rµñ Tø £ïñë ïñ Ïñtëræçtïvë Wïñðøw","jupyter.command.jupyter.scrolltocell.title":"§çrøll Çëll Ïñtø Vïëw","jupyter.command.jupyter.selectCell.title":"§ëlëçt Çëll","jupyter.command.jupyter.selectCellContents.title":"§ëlëçt Çëll Çøñtëñts","jupyter.command.jupyter.selectJupyterInterpreter.title":"§ëlëçt Ïñtërprëtër tø §tært Jµpÿtër §ërvër","jupyter.command.jupyter.showDataViewer.title":"Vïëw Vælµë ïñ Ðætæ Vïëwër","jupyter.command.jupyter.viewOutput.title":"§høw Øµtpµt","jupyter.command.manageAccessToKernels":"Mæñægë Æççëss Tø Jµpÿtër Kërñëls","jupyter.commandPalette.jupyter.replayPylanceLog.title":"Rëplæÿ Pÿlæñçë £øg","jupyter.configuration.jupyter.addGotoCodeLenses.deprecationMessage":"Thïs sëttïñg hæs þëëñ ðëprëçætëð ïñ fævør øf jµpÿtër.ïñtëræçtïvëWïñðøw.çøðë£ëñs.ëñæþlëGøtøÇëll.","jupyter.configuration.jupyter.addGotoCodeLenses.description":"Æftër rµññïñg æ çëll, æðð æ 'Goto' çøðë lëñs øñ thë çëll. Ñøtë, ðïsæþlïñg æll çøðë lëñsës ðïsæþlës thïs çøðë lëñs æs wëll.","jupyter.configuration.jupyter.allowUnauthorizedRemoteConnection.description":"Ælløw før çøññëçtïñg thë Ïñtëræçtïvë wïñðøw tø æ https Jµpÿtër sërvër thæt ðøës ñøt hævë vælïð çërtïfïçætës. Thïs çæñ þë æ sëçµrïtÿ rïsk, sø øñlÿ µsë før kñøwñ æñð trµstëð sërvërs.","jupyter.configuration.jupyter.askForKernelRestart.description":"Wærñ thë µsër þëførë rëstærtïñg æ kërñël.","jupyter.configuration.jupyter.askForLargeDataFrames.description":"Wærñ thë µsër þëførë trÿïñg tø øpëñ rëællÿ lærgë ðætæ fræmës.","jupyter.configuration.jupyter.codeLenses.deprecationMessage":"Thïs sëttïñg hæs þëëñ ðëprëçætëð ïñ fævør øf jµpÿtër.ïñtëræçtïvëWïñðøw.çøðë£ëñs.çømmæñðs.","jupyter.configuration.jupyter.codeLenses.description":"§ët øf çømmæñðs tø pµt æs çøðë lëñs æþøvë æ çëll.","jupyter.configuration.jupyter.codeRegularExpression.deprecationMessage":"Thïs sëttïñg hæs þëëñ ðëprëçætëð ïñ fævør øf jµpÿtër.ïñtëræçtïvëWïñðøw.çëllMærkër.çøðëRëgëx.","jupyter.configuration.jupyter.codeRegularExpression.description":"Rëgµlær ëxprëssïøñ µsëð tø ïðëñtïfÿ çøðë çëlls. Æll çøðë µñtïl thë ñëxt mætçh ïs çøñsïðërëð pært øf thïs çëll.","jupyter.configuration.jupyter.completionTriggerCharacters.markdownDescription":"Mæppïñg øf çhæræçtërs whïçh trïggër æµtø çømplëtïøñ ïñ æ Jµpÿtër Kërñël læñgµægë. Følløwïñg ïs æñ ëxæmplë øf trïggër çhæræçtërs før rµst æñð jµlïæ kërñël læñgµægës:\n```jsøñ \n{\n  \"jµlïæ\": [\".\"],\n  \"rµst\": [\".\",\":\"] \n}\n```","jupyter.configuration.jupyter.debugCodeLenses.deprecationMessage":"Thïs sëttïñg hæs þëëñ ðëprëçætëð ïñ fævør øf jµpÿtër.ïñtëræçtïvëWïñðøw.çøðë£ës.ðëþµgÇømmæñðs.","jupyter.configuration.jupyter.debugCodeLenses.description":"§ët øf ðëþµg çømmæñðs tø pµt æs çøðë lëñs æþøvë æ çëll whïlë ðëþµggïñg.","jupyter.configuration.jupyter.debugJustMyCode.description":"Whëñ ðëþµggïñg, øñlÿ stëp thrøµgh µsër-wrïttëñ çøðë. Ðïsæþlë thïs tø ælløw stëppïñg ïñtø lïþrærÿ çøðë.","jupyter.configuration.jupyter.debugpyDistPath.description":"Pæth tø ðëþµgpÿ þïts før ðëþµggïñg çëlls.","jupyter.configuration.jupyter.decorateCells.deprecationMessage":"Thïs sëttïñg hæs þëëñ ðëprëçætëð ïñ fævør øf jµpÿtër.ïñtëræçtïvëWïñðøw.çëllMærkër.ðëçørætëÇëlls.","jupyter.configuration.jupyter.decorateCells.description":"Ðræw æ hïghlïght þëhïñð thë çµrrëñtlÿ æçtïvë çëll, ør æll çëlls, ïñ æ pÿthøñ fïlë.","jupyter.configuration.jupyter.defaultCellMarker.deprecationMessage":"Thïs sëttïñg hæs þëëñ ðëprëçætëð ïñ fævør øf jµpÿtër.ïñtëræçtïvëWïñðøw.çëllMærkër.ðëfæµlt","jupyter.configuration.jupyter.defaultCellMarker.description":"Çëll mærkër µsëð før ðëlïñëætïñg æ çëll ïñ æ pÿthøñ fïlë.","jupyter.configuration.jupyter.disableJupyterAutoStart.description":"Whëñ trµë, ðïsæþlës Jµpÿtër frøm þëïñg æµtømætïçællÿ stærtëð før ÿøµ. Ýøµ mµst ïñstëæð rµñ æ çëll tø stært Jµpÿtër.","jupyter.configuration.jupyter.enableAutoMoveToNextCell.deprecationMessage":"Thïs sëttïñg hæs þëëñ ðëprëçætëð ïñ fævør øf jµpÿtër.ïñtëræçtïvëWïñðøw.tëxtËðïtør.æµtøMøvëTøÑëxtÇëll.","jupyter.configuration.jupyter.enableAutoMoveToNextCell.description":"Ëñæþlës møvïñg tø thë ñëxt çëll whëñ çlïçkïñg øñ æ 'Rµñ Çëll' çøðë lëñs.","jupyter.configuration.jupyter.enableCellCodeLens.deprecationMessage":"Thïs sëttïñg hæs þëëñ ðëprëçætëð ïñ fævør øf jµpÿtër.ïñtëræçtïvëWïñðøw.çøðë£ëñs.ëñæþlë.","jupyter.configuration.jupyter.enableCellCodeLens.description":"Ëñæþlës çøðë lëñs før 'çëlls' ïñ æ pÿthøñ fïlë.","jupyter.configuration.jupyter.enableExtendedKernelCompletions.deprecationMessage":"Thïs sëttïñg hæs þëëñ ðëprëçætëð ïñ fævør øf jµpÿtër.ëñæþlëËxtëñðëðPÿthøñKërñëlÇømplëtïøñs.","jupyter.configuration.jupyter.enableExtendedKernelCompletions.markdownDescription":"Ëñæþlës Jëðï sµppørt før ëxtëñðëð Ïñtëllï§ëñsë çømplëtïøñs ïñ rµññïñg Pÿthøñ Jµpÿtër kërñëls før Pÿthøñ (sëë thïs [sëttïñg](https://ïpÿthøñ.rëæðthëðøçs.ïø/ëñ/stæþlë/çøñfïg/øptïøñs/tërmïñæl.html?hïghlïght=µsë_jëðï#çøñfïgtræït-Çømplëtër.µsë_jëðï)). Thïs çæñ grëætlÿ ïmpæçt ñøtëþøøk çëll ëxëçµtïøñ përførmæñçë. Üsë wïth çæµtïøñ.","jupyter.configuration.jupyter.enableKernelCompletions.markdownDescription":"Ëñæþlë çøðë çømplëtïøñs ïñ Ñøtëþøøks æñð Ïñtëræçtïvë Wïñðøws µsïñg rësµlts frøm thë æssøçïætëð Jµpÿtër Kërñël.","jupyter.configuration.jupyter.excludeUserSitePackages.description":"Æðð PYTHONNOUSERSITE tø kërñëls þëførë stærtïñg. Thïs prëvëñts gløþæl/µsër sïtë-pæçkægës frøm þëïñg µsëð ïñ thë PYTHONPATH øf thë kërñël.","jupyter.configuration.jupyter.experiments.enabled.description":"Ëñæþlës/ðïsæþlës Æ/ß tësts.","jupyter.configuration.jupyter.experiments.optInto.markdownDescription":"£ïst øf ëxpërïmëñt tø øpt ïñtø. Ïf ëmptÿ, µsër ïs æssïgñëð thë ðëfæµlt ëxpërïmëñt grøµps. [£ëærñ mørë](https://gïthµþ.çøm/mïçrøsøft/vsçøðë-jµpÿtër/wïkï/Ëxpërïmëñts).","jupyter.configuration.jupyter.experiments.optOutFrom.markdownDescription":"£ïst øf ëxpërïmëñt tø øpt øµt øf. Ïf ëmptÿ, µsër ïs æssïgñëð thë ðëfæµlt ëxpërïmëñt grøµps. [£ëærñ mørë](https://gïthµþ.çøm/mïçrøsøft/vsçøðë-jµpÿtër/wïkï/Ëxpërïmëñts).","jupyter.configuration.jupyter.exportWithOutputEnabled.description":"Ëñæþlë ëxpørtïñg æ pÿthøñ fïlë ïñtø æ jµpÿtër ñøtëþøøk æñð rµñ æll çëlls whëñ ðøïñg sø.","jupyter.configuration.jupyter.formatStackTraces.description":"Ïñjëçt stæçk fræmë lïñks ïñtø thë størëð træçëþæçk før thë ñøtëþøøk.","jupyter.configuration.jupyter.interactiveWindowMode.deprecationMessage":"Thïs sëttïñg hæs þëëñ ðëprëçætëð ïñ fævør øf jµpÿtër.ïñtëræçtïvëWïñðøw.çrëætïøñMøðë.","jupyter.configuration.jupyter.interactiveWindowMode.description":"ßëhævïør øf thë Ïñtëræçtïvë Wïñðøw. 'perFile' wïll çrëætë æ ñëw ïñtëræçtïvë wïñðøw før ëvërÿ fïlë thæt rµñs æ çëll. 'single' ælløws æ sïñglë wïñðøw. 'multiple' ælløws thë çrëætïøñ øf mµltïplë.","jupyter.configuration.jupyter.interactiveWindowViewColumn.deprecationMessage":"Thïs sëttïñg hæs þëëñ ðëprëçætëð ïñ fævør øf jµpÿtër.ïñtëræçtïvëWïñðøw.vïëwÇølµmñ.","jupyter.configuration.jupyter.interactiveWindowViewColumn.description":"Whërë tø øpëñ æñ Ïñtëræçtïvë Wïñðøw thæt ïs ñøt æssøçïætëð wïth æ pÿthøñ fïlë. 'beside' wïll øpëñ thë ïñtëræçtïvë wïñðøw tø thë rïght øf thë æçtïvë ëðïtør. 'active' wïll øpëñ thë ïñtëræçtïvë wïñðøw ïñ plæçë øf thë æçtïvë ëðïtør. 'secondGroup' wïll øpëñ thë ïñtëræçtïvë wïñðøw ïñ thë sëçøñð ëðïtør grøµp.","jupyter.configuration.jupyter.jupyterCommandLineArguments.description":"Ïf æñð whëñ æ Jµpÿtër sërvër ïs stærtëð, thësë ærgµmëñts wïll þë pæssëð tø ïñtø thë Jµpÿtër Ñøtëþøøk Ç£Ï. ßÿ ðëfæµlt thïs lïst ïs gëñërætëð þÿ thë Jµpÿtër Ëxtëñsïøñ.","jupyter.configuration.jupyter.jupyterInterruptTimeout.description":"Æmøµñt øf tïmë (ïñ ms) tø wæït før æñ ïñtërrµpt þëførë æskïñg tø rëstært thë Jµpÿtër kërñël.","jupyter.configuration.jupyter.jupyterLaunchRetries.description":"Ñµmþër øf tïmës tø ættëmpt tø çøññëçt tø thë Jµpÿtër Ñøtëþøøk","jupyter.configuration.jupyter.jupyterLaunchTimeout.description":"Æmøµñt øf tïmë (ïñ ms) tø wæït før thë Jµpÿtër Ñøtëþøøk sërvër tø stært.","jupyter.configuration.jupyter.kernels.filter.markdownDescription":"£ïst øf Pÿthøñ ëñvïrøñmëñts tø þë ëxçlµðëð frøm thë Kërñël pïçkër.","jupyter.configuration.jupyter.kernels.trusted.markdownDescription":"Ëñtër fµllÿ qµælïfïëð pæths tø Kërñël spëçïfïçætïøñ fïlës thæt ærë tø þë trµstëð. Ë.g. 'Ç:\\Prøgræm Ðætæ\\Jµpÿtër\\kërñëls\\pÿthøñ3\\kërñël.jsøñ'.  \n**Ñøtë**: Kërñëls çæñ ëxëçµtë çøðë wïth µsër prïvïlëgës. Çlïçk [hërë](https://ækæ.ms/JµpÿtërTrµstëðKërñëlPæths) før fµrthër ðëtæïls.","jupyter.configuration.jupyter.logKernelOutputSeparately.description":"Çrëætës sëpærætë øµtpµt pæñëls før kërñëls/jµpÿtër sërvër çøñsølë øµtpµt","jupyter.configuration.jupyter.logging.level.description":"Thë løggïñg lëvël thë ëxtëñsïøñ løgs æt.","jupyter.configuration.jupyter.magicCommandsAsComments.deprecationMessage":"Thïs sëttïñg hæs þëëñ ðëprëçætëð ïñ fævør øf jµpÿtër.ïñtëræçtïvëWïñðøw.tëxtËðïtør.mægïçÇømmæñðsÆsÇømmëñts.","jupyter.configuration.jupyter.magicCommandsAsComments.description":"Üñçømmëñt shëll æssïgñmëñts (#!), lïñë mægïç (#!%) æñð çëll mægïç (#!%%) whëñ pærsïñg çøðë çëlls.","jupyter.configuration.jupyter.markdownRegularExpression.deprecationMessage":"Thïs sëttïñg hæs þëëñ ðëprëçætëð ïñ fævør øf jµpÿtër.ïñtëræçtïvëWïñðøw.çëllMærkër.mærkðøwñRëgëx.","jupyter.configuration.jupyter.markdownRegularExpression.description":"Rëgµlær ëxprëssïøñ µsëð tø ïðëñtïfÿ mærkðøwñ çëlls. Æll çømmëñts æftër thïs ëxprëssïøñ ærë çøñsïðërëð pært øf thë mærkðøwñ.","jupyter.configuration.jupyter.newCellOnRunLast.deprecationMessage":"Thïs sëttïñg hæs þëëñ ðëprëçætëð ïñ fævør øf jµpÿtër.ïñtëræçtïvëWïñðøw.tëxtËðïtør.æµtøÆððÑëwÇëll.","jupyter.configuration.jupyter.newCellOnRunLast.description":"Æppëñð æ ñëw ëmptÿ çëll tø æñ ïñtëræçtïvë wïñðøw fïlë øñ rµññïñg thë çµrrëñtlÿ læst çëll.","jupyter.configuration.jupyter.normalizeSelectionForInteractiveWindow.description":"§ëlëçtëð tëxt wïll þë ñørmælïzëð þëførë ït ïs ëxëçµtëð ïñ thë Ïñtëræçtïvë Wïñðøw.","jupyter.configuration.jupyter.notebookFileRoot.description":"§ët thë røøt ðïrëçtørÿ før Jµpÿtër Ñøtëþøøks æñð thë Ïñtëræçtïvë Wïñðøw rµññïñg løçællÿ.  \n\n**Ñøtë:** Thïs ðøës ñøt æpplÿ tø Rëmøtë Jµpÿtër Kërñëls.","jupyter.configuration.jupyter.pythonCellFolding.deprecationMessage":"Thïs sëttïñg hæs þëëñ ðëprëçætëð ïñ fævør øf jµpÿtër.ïñtëræçtïvëWïñðøw.tëxtËðïtør.çëllFølðïñg.","jupyter.configuration.jupyter.pythonCellFolding.description":"Ëñæþlë følðïñg rëgïøñs før çøðë çëlls ïñ Pÿthøñ fïlës. Thïs sëttïñg rëqµïrës æ rëløæð øf V§ Çøðë.","jupyter.configuration.jupyter.pythonCompletionTriggerCharacters.deprecationMessage":"Thïs sëttïñg hæs þëëñ ðëprëçætëð ïñ fævør øf jµpÿtër.çømplëtïøñTrïggërÇhæræçtërs.","jupyter.configuration.jupyter.pythonCompletionTriggerCharacters.description":"Çhæræçtërs whïçh trïggër æµtø çømplëtïøñ øñ æ pÿthøñ jµpÿtër kërñël.","jupyter.configuration.jupyter.pythonExportMethod.description":"Thë mëthøð tø µsë whëñ ëxpørtïñg æ ñøtëþøøk tø æ Pÿthøñ fïlë. 'direct' wïll çøpÿ øvër thë çøðë ðïrëçtlÿ æs ïs. 'commentMagics' wïll çømmëñt øµt lïñës stærtïñg wïth lïñë mægïçs (%), çëll mægïçs (%%), æñð shëll çømmæñðs(!). 'nbconvert' wïll ïñstæll ñþçøñvërt æñð µsë thæt før thë çøñvërsïøñ whïçh çæñ træñslætë ïPÿthøñ sÿñtæx ïñtø Pÿthøñ sÿñtæx.","jupyter.configuration.jupyter.runStartupCommands.description":"Æ sërïës øf Pÿthøñ ïñstrµçtïøñs ør ïPÿthøñ mægïç çømmæñðs. Çæñ þë ëïthër æñ ærræÿ øf strïñgs ør æ sïñglë strïñg wïth çømmæñðs sëpærætëð þÿ '\\ñ'. Çømmæñðs wïll þë sïlëñtlÿ ëxëçµtëð whëñëvër thë ïñtëræçtïvë wïñðøw løæðs. Før ïñstæñçë, sët thïs tø '%load_ext autoreload\\n%autoreload 2' tø æµtømætïçællÿ rëløæð çhæñgës mæðë tø ïmpørtëð fïlës wïthøµt hævïñg tø rëstært thë ïñtëræçtïvë sëssïøñ.","jupyter.configuration.jupyter.sendSelectionToInteractiveWindow.deprecationMessage":"Thïs sëttïñg hæs þëëñ ðëprëçætëð ïñ fævør øf jµpÿtër.ïñtëræçtïvëWïñðøw.tëxtËðïtør.ëxëçµtë§ëlëçtïøñ.","jupyter.configuration.jupyter.sendSelectionToInteractiveWindow.description":"Whëñ prëssïñg shïft+ëñtër, sëñð sëlëçtëð çøðë ïñ æ Pÿthøñ fïlë tø thë Jµpÿtër ïñtëræçtïvë wïñðøw æs øppøsëð tø thë Pÿthøñ tërmïñæl.","jupyter.configuration.jupyter.showOutlineButtonInNotebookToolbar.description":"§høw thë Øµtlïñë þµttøñ ïñ thë Jµpÿtër ñøtëþøøk tøølþær.","jupyter.configuration.jupyter.showVariableViewWhenDebugging.description":"ßrïñg µp thë Værïæþlë Vïëw whëñ stærtïñg æ Rµñ þÿ £ïñë sëssïøñ.","jupyter.configuration.jupyter.splitRunFileIntoCells.description":"Æ fïlë rµñ ïñ thë Ïñtëræçtïvë Wïñðøw wïll þë rµñ ïñ ïñðïvïðµæl çëlls ïf ït hæs thëm.","jupyter.configuration.jupyter.stopOnFirstLineWhileDebugging.description":"Whëñ ðëþµggïñg æ çëll, støp øñ thë fïrst lïñë.","jupyter.configuration.jupyter.themeMatplotlibPlots.description":"Ïñ thë Ïñtëræçtïvë wïñðøw æñð Ñøtëþøøk Ëðïtør thëmë mætpløtlïþ øµtpµts tø mætçh thë V§ Çøðë ëðïtør thëmë.","jupyter.configuration.jupyter.useDefaultConfigForJupyter.description":"Whëñ rµññïñg Jµpÿtër løçællÿ, çrëætë æ ðëfæµlt ëmptÿ Jµpÿtër çøñfïg","jupyter.configuration.jupyter.variableExplorerExclude.description":"Tÿpës tø ëxçlµðë frøm shøwïñg ïñ thë Ïñtëræçtïvë værïæþlë ëxplørër","jupyter.configuration.jupyter.widgetScriptSources.items.enumDescriptions.0":"£øæðs wïðgët (jævæsçrïpt) sçrïpts frøm https://www.jsðëlïvr.çøm/","jupyter.configuration.jupyter.widgetScriptSources.items.enumDescriptions.1":"£øæðs wïðgët (jævæsçrïpt) sçrïpts frøm https://µñpkg.çøm/","jupyter.configuration.jupyter.widgetScriptSources.markdownDescription":"Ðëfïñës thë løçætïøñ æñð ørðër øf thë søµrçës whërë sçrïpts fïlës før Wïðgëts ærë ðøwñløæðëð frøm (ë.g. ïpÿwïðgëst, þqpløt, þëækërx, ïpÿlëæflët, ëtç). Ñøt sëlëçtïñg æñÿ øf thësë çøµlð rësµlt ïñ wïðgëts ñøt rëñðërïñg ør fµñçtïøñ çørrëçtlÿ. §ëë [hërë](https://ækæ.ms/PV§ÇÏPÿWïðgëts) før mørë ïñførmætïøñ. Øñçë µpðætëð ÿøµ wïll ñëëð tø rëstært thë Kërñël.","jupyter.debuggers.interactive":"Pÿthøñ Ïñtëræçtïvë Wïñðøw","jupyter.debuggers.kernel":"Pÿthøñ Kërñël Ðëþµg Æðæptër","jupyter.notebookRenderer.Error.displayName":"Jµpÿtër Ërrør Rëñðërër","jupyter.notebookRenderer.IPyWidget.displayName":"Jµpÿtër ÏPÿWïðgët Rëñðërër"}
