{"DataScience.exportAsNotebook.shorttitle":"Kaydet","DataScience.exportDialogTitle":"Jupyter Notebook’a aktar","DataScience.installPythonExtensionViaKernelPickerTitle":"Python Uzantısını Yükle","DataScience.installPythonTitle":"Python’ı yükle","DataScience.interactiveClearAllCells":"Tümünü Sil","DataScience.interactiveCopyCell":"Hücreyi Kopyala","DataScience.interactiveGoToCode":"Koda git","DataScience.latestExtension":"Jupyter Uzantısı'nın en son sürümünü indirin","DataScience.notebookExport":"Dışarı aktar","DataScience.notebookExportAs":"Farklı Dışarı Aktar","DataScience.notebookExportAs.shorttitle":"Dışarı aktar","DataScience.refreshDataViewerCommandPalette":"Veri Görüntüleyicisini Yenile","DataScience.runInDedicatedExtensionHost":"Ayrılmış Uzantı Konağında Çalıştır","DataScience.switchToRemoteKernelsTitle":"Bir Jupyter Sunucu’ya bağlanın","capabilities.untrustedWorkspace.description":"Etkileşimli Penceresi ve Notebooks’ta hücrelerin yürütülmesi, güvenilmeyen çalışma alanlarında desteklenmez.","contributes.walkthroughs.jupyterWelcome.description":"Jupyter Uzantısının sunduğu tüm güçlü araçlar ve özelliklerle bir Jupyter projesi ayarlamak için ilk adımlarınız!","contributes.walkthroughs.jupyterWelcome.steps.ipynb.newUntitledIpynb.description":"Dosya gezginine sağ tıklayın ve .ipynb uzantılı yeni bir dosya oluşturun. Veya [Komut Paleti]’ni (command:workbench.action.showCommands) açın \n``Create: New Jupyter Notebook`` ve komutu çalıştırın.\n[Create New Jupyter Notebook](command:toSide:ipynb.newUntitledIpynb)\n Mevcut bir projeniz varsa, ayrıca [bir klasör açabilir](command:toSide:workbench.action.files.openFolder) ve/veya GitHub'dan bir proje klonlayabilirsiniz: [bir Git deposunu klonlayın](command:toSide:git.clone)","contributes.walkthroughs.jupyterWelcome.steps.ipynb.newUntitledIpynb.media.altText":"Yeni Jupyter notebook oluşturuluyor","contributes.walkthroughs.jupyterWelcome.steps.ipynb.newUntitledIpynb.title":"Bir Jupyter Notebook oluşturun veya açın","contributes.walkthroughs.jupyterWelcome.steps.jupyter.dataScienceLearnMore.description":"🎨 [Komut Paleti](command:workbench.action.showCommands) içinde \"Jupyter\" öğesini arayarak Jupyter Uzantısı'nın sunduğu tüm özellikleri keşfedin. \n📈 Python Uzantısını yükleyerek ([Python uzantısını ara](command:workbench.extensions.search?\"ms-python.python\")) [Python](command:workbench.action.openWalkthrough?%7B%22category%22%3A%22ms-python.python%23pythonDataScienceWelcome%22%2C%22step%22%3A%22ms-python.python%23python.createNewNotebook%22%7D) bölümünde veri bilimine başlama hakkında daha fazla bilgi edinin.\n📃 [Öğreticiler](https://code.visualstudio.com/docs/datascience/jupyter-notebooks) daha fazla özellik öğrenin.  \n[Daha fazla bilgi edinin](https://aka.ms/AAdar6q)","contributes.walkthroughs.jupyterWelcome.steps.jupyter.dataScienceLearnMore.media.altText":"Dokümantasyon sayfamızı ve posta listesi kaynaklarımızı temsil eden resim.","contributes.walkthroughs.jupyterWelcome.steps.jupyter.dataScienceLearnMore.title":"Daha fazlasını bul!","contributes.walkthroughs.jupyterWelcome.steps.jupyter.exploreAndDebug.description":"📅 Veri satırlarını görüntülemek, sıralamak ve filtrelemek için [Veri Görüntüleyicisi](https://code.visualstudio.com/docs/datascience/data-science-tutorial#_prepare-the-data) kullanabilirsiniz. Verilerinizi yükledikten sonra not defterinin sağ üst köşesindeki \"Değişkenler\"e tıklayın ve veri tablosunun solundaki Veri Görüntüleyici simgesine tıklayın. \n \n[Veri Görüntüleyicisi hakkında bilgi edinin](https://code.visualstudio.com/docs/datascience/data-science-tutorial#_prepare-the-data)\n \n📒 Her seferinde bir hücre satırı yürütmek için [Satıra Göre Çalıştır](https://code.visualstudio.com/docs/datascience/jupyter-notebooks#_run-by-line) modunu kullanarak not defterinizde hata ayıklayın. Hücrenizden Satıra Göre Çalıştır simgesine tıklayın (çizgili oynat düğmesi) veya F10'a basın. \n \n[Satıra Göre Çalıştır hakkında bilgi edinin](https://code.visualstudio.com/docs/datascience/jupyter-notebooks#_run-by-line)","contributes.walkthroughs.jupyterWelcome.steps.jupyter.exploreAndDebug.media.altText":"Veri görüntüleyicisi açılıyor","contributes.walkthroughs.jupyterWelcome.steps.jupyter.exploreAndDebug.title":"Verileri keşfedin ve hata ayıklayın","contributes.walkthroughs.jupyterWelcome.steps.jupyter.selectKernel.description":"Not defterinin sağ üst köşesindeki Çekirdeği Seç'e tıklayın ve çekirdeğinizin çalıştırılacağı ortamı seçin. Veya bir not defteri açık ve odaktayken [Komut Paleti]’ni (command:workbench.action.showCommands) açın ve şu komutu çalıştırın: \n``Notebook: Select Notebook Kernel``. \n[Jupyter Çekirdeği Seçmek için Komut Paletini Açın](command:workbench.action.showCommands)","contributes.walkthroughs.jupyterWelcome.steps.jupyter.selectKernel.media.altText":"Bir not defteri çekirdeğini seçme veya değiştirme","contributes.walkthroughs.jupyterWelcome.steps.jupyter.selectKernel.title":"Bir Jupyter çekirdeği seçin","contributes.walkthroughs.jupyterWelcome.title":"Jupyter Notebook’u Kullanmaya Başlayın","jupyter.command.dataScience.clearCache.title":"Önbelleği Temizle","jupyter.command.dataScience.clearUserProviderJupyterServerCache.title":"Kullanıcı Jupyter Sunucu Önbelleğini Temizle","jupyter.command.editor.interactiveWindow.context.label":"Python Etkileşimli Penceresi","jupyter.command.jupyter.addcellbelow.title":"Dosyaya Boş Hücre Ekle","jupyter.command.jupyter.changeCellToCode.title":"Hücreyi Koda Dönüştür","jupyter.command.jupyter.changeCellToMarkdown.title":"Hücreyi Markdown'a Dönüştür","jupyter.command.jupyter.clearSavedJupyterUris.title":"Jupyter Uzak Sunucu Listesini Temizle","jupyter.command.jupyter.collapseallcells.shorttitle":"Daralt","jupyter.command.jupyter.collapseallcells.title":"Tüm Hücre Girdilerini Daralt","jupyter.command.jupyter.createnewinteractive.title":"Etkileşimli Pencereyi Oluştur","jupyter.command.jupyter.createnewnotebook.title":"Yeni Jupyter Notebook Oluşturun","jupyter.command.jupyter.debugCell.title":"Hücrede Hata Ayıkla","jupyter.command.jupyter.debugFileInteractive.title":"Etkileşimli Pencerede Geçerli Dosyanın Hatalarını Ayıkla","jupyter.command.jupyter.debugcell.title":"Hücrede Hata Ayıkla","jupyter.command.jupyter.debugcontinue.title":"Devam et","jupyter.command.jupyter.debugcurrentcell.palette.title":"Geçerli Hücrede Hata Ayıkla","jupyter.command.jupyter.debugstepover.title":"Üzerinden Adımla","jupyter.command.jupyter.debugstop.title":"Durdur","jupyter.command.jupyter.deleteCells.title":"Seçili Hücreleri Sil","jupyter.command.jupyter.enableDebugLogging.title":"Hata Ayıklama Günlüğünü Etkinleştir","jupyter.command.jupyter.execSelectionInteractive.title":"Seçimi/Satırı Etkileşimli Pencerede Çalıştır","jupyter.command.jupyter.expandallcells.shorttitle":"Genişlet","jupyter.command.jupyter.expandallcells.title":"Tüm Hücre Girdilerini Genişlet","jupyter.command.jupyter.exportAsPythonScript.title":"Python Betiğine Aktar","jupyter.command.jupyter.exportToHTML.title":"HTML'ye Aktar","jupyter.command.jupyter.exportToPDF.title":"PDF’ye aktar","jupyter.command.jupyter.exportfileandoutputasnotebook.title":"Geçerli Python Dosyasını ve Çıkışını Jupyter Notebook Olarak Dışarı Aktar","jupyter.command.jupyter.exportfileasnotebook.title":"Geçerli Python Dosyasını Jupyter Notebook Olarak Dışarı Aktar","jupyter.command.jupyter.exportoutputasnotebook.title":"Etkileşimli Pencereyi Jupyter Notebook Olarak Dışarı Aktar","jupyter.command.jupyter.extendSelectionByCellAbove.title":"Seçimi Yukarıdaki Hücreye Göre Genişlet","jupyter.command.jupyter.extendSelectionByCellBelow.title":"Seçimi Aşağıdaki Hücreye Göre Genişlet","jupyter.command.jupyter.filterKernels.title":"Çekirdekleri Filtrele","jupyter.command.jupyter.gotoNextCellInFile.title":"Sonraki Hücreye Git","jupyter.command.jupyter.gotoPrevCellInFile.title":"Önceki Hücreye Git","jupyter.command.jupyter.importnotebook.title":"Jupyter Notebook’u içeri aktar","jupyter.command.jupyter.importnotebookfile.title":"Not Defterini Betik'e Aktar","jupyter.command.jupyter.insertCellAbove.title":"Yukarıya Hücre Ekle","jupyter.command.jupyter.insertCellBelow.title":"Aşağıya Hücre Ekle","jupyter.command.jupyter.insertCellBelowPosition.title":"Hücreyi Aşağı Konuma Ekle","jupyter.command.jupyter.interruptkernel.shorttitle":"Kes","jupyter.command.jupyter.interruptkernel.title":"Çekirdeği Kes","jupyter.command.jupyter.moveCellsDown.title":"Seçili Hücreleri Aşağı Taşı","jupyter.command.jupyter.moveCellsUp.title":"Seçili Hücreleri Yukarı Taşı","jupyter.command.jupyter.notebookeditor.addcellbelow.title":"Boş Hücreyi Notebook Dosyasına Ekle","jupyter.command.jupyter.notebookeditor.collapseallcells.title":"Tüm Notebook Hücrelerini Daralt","jupyter.command.jupyter.notebookeditor.expandallcells.title":"Tüm Notebook Hücrelerini Genişlet","jupyter.command.jupyter.notebookeditor.removeallcells.title":"Tüm Notebook Editor Hücrelerini Sil","jupyter.command.jupyter.openOutlineView.shorttitle":"Ana Hat","jupyter.command.jupyter.openOutlineView.title":"İçindekileri Göster (Ana Hat Görünümü)","jupyter.command.jupyter.openVariableView.shorttitle":"Değişkenler","jupyter.command.jupyter.openVariableView.title":"Değişkenler Görünümünü Aç","jupyter.command.jupyter.replayPylanceLog.title":"Pylance Günlüğünü Tekrar Oynat","jupyter.command.jupyter.replayPylanceLogStep.title":"Adım Pylance Günlüğü","jupyter.command.jupyter.resetLoggingLevel.title":"Günlük Kaydı Düzeyini Sıfırla","jupyter.command.jupyter.restartkernel.shorttitle":"Yeniden Başlat","jupyter.command.jupyter.restartkernel.title":"Çekirdeği Yeniden Başlat","jupyter.command.jupyter.restartkernelandrunallcells.shorttitle":"Yeniden Başlat ve Tümünü Çalıştır","jupyter.command.jupyter.restartkernelandrunallcells.title":"Çekirdeği Yeniden Başlat ve Tüm Hücreleri Çalıştır","jupyter.command.jupyter.restartkernelandrunuptoselectedcell.title":"Çekirdeği Yeniden Başlatıp Seçili Hücreye Kadar Çalıştırma","jupyter.command.jupyter.runByLine.title":"Satıra Göre Çalıştır","jupyter.command.jupyter.runByLineNext.title":"Sonraki Satırı Çalıştır","jupyter.command.jupyter.runByLineStop.title":"Yürütmeye Devam Et","jupyter.command.jupyter.runFileInteractive.title":"Geçerli Dosyayı Etkileşimli Pencerede Çalıştır","jupyter.command.jupyter.runallcells.title":"Tüm Hücreleri Çalıştır","jupyter.command.jupyter.runallcellsabove.palette.title":"Hücreleri Geçerli Hücrenin Üstünde Çalıştır","jupyter.command.jupyter.runallcellsabove.title":"Yukarıda Çalıştır","jupyter.command.jupyter.runcell.title":"Hücreyi Çalıştır","jupyter.command.jupyter.runcellandallbelow.title":"Aşağıda Çalıştır","jupyter.command.jupyter.runcurrentcell.title":"Geçerli Hücreyi Çalıştır","jupyter.command.jupyter.runcurrentcelladvance.title":"Geçerli Hücreyi Çalıştır ve İlerle","jupyter.command.jupyter.runcurrentcellandallbelow.palette.title":"Geçerli Hücreyi ve Aşağıda Çalıştır","jupyter.command.jupyter.runfromline.title":"Etkileşimli Pencerede İlk Satırı Çalıştır","jupyter.command.jupyter.runtoline.title":"Etkileşimli Pencerede Son Satırı Çalıştır","jupyter.command.jupyter.scrolltocell.title":"Hücreyi Görünüme Kaydır","jupyter.command.jupyter.selectCell.title":"Hücre Seçin","jupyter.command.jupyter.selectCellContents.title":"Hücre İçeriklerini Seçin","jupyter.command.jupyter.selectJupyterInterpreter.title":"Jupyter Sunucusunu Başlatmak için Yorumlayıcı Seçin","jupyter.command.jupyter.showDataViewer.title":"Değeri Veri Görüntüleyicisi’nde Görüntüle","jupyter.command.jupyter.viewOutput.title":"Çıkışı Göster","jupyter.command.manageAccessToKernels":"Jupyter Çekirdekleri’ne Erişimi Yönet","jupyter.commandPalette.jupyter.replayPylanceLog.title":"Pylance Günlüğünü Tekrar Oynat","jupyter.configuration.jupyter.addGotoCodeLenses.deprecationMessage":"Bu ayar, jupyter.interactiveWindow.codeLens.enableGotoCell lehine kullanımdan kaldırılmıştır.","jupyter.configuration.jupyter.addGotoCodeLenses.description":"Hücre çalıştırıldıktan sonra hücreye 'Goto' bir kod lensi ekleyin. Tüm kod lenslerini devre dışı bırakmanın bu kod lensi de devre dışı bırakacağını unutmayın.","jupyter.configuration.jupyter.allowUnauthorizedRemoteConnection.description":"Etkileşimli pencerenin geçerli sertifikaları olmayan bir https Jupyter sunucusuna bağlanmasına izin verin. Bu bir güvenlik riski olabilir, bu nedenle yalnızca bilinen ve güvenilen sunucular için kullanın.","jupyter.configuration.jupyter.askForKernelRestart.description":"Bir çekirdeği yeniden başlatmadan önce kullanıcıyı uyarın.","jupyter.configuration.jupyter.askForLargeDataFrames.description":"Gerçekten büyük veri çerçevelerini açmaya çalışmadan önce kullanıcıyı uyarın.","jupyter.configuration.jupyter.codeLenses.deprecationMessage":"Bu ayar, jupyter.interactiveWindow.codeLens.commands lehine kullanımdan kaldırılmıştır.","jupyter.configuration.jupyter.codeLenses.description":"Bir hücrenin üzerine kod merceği olarak yerleştirilecek komutlar kümesi.","jupyter.configuration.jupyter.codeRegularExpression.deprecationMessage":"Bu ayar, jupyter.interactiveWindow.cellMarker.codeRegex lehine kullanımdan kaldırılmıştır.","jupyter.configuration.jupyter.codeRegularExpression.description":"Kod hücrelerini tanımlamak için kullanılan normal ifade. Sonraki eşleşmeye kadar tüm kodlar bu hücrenin parçası olarak kabul edilir.","jupyter.configuration.jupyter.completionTriggerCharacters.markdownDescription":"Bir Jupyter Çekirdeği dilinde otomatik tamamlamayı tetikleyen karakterlerin eşlemesi. Rust ve julia çekirdek dilleri için tetikleyici karakterlerin bir örneği aşağıdadır:\n```json \n{\n  \"julia\": [\".\"],\n  \"rust\": [\".\",\":\"] \n}\n```","jupyter.configuration.jupyter.debugCodeLenses.deprecationMessage":"Bu ayar, jupyter.interactiveWindow.codeLes.debugCommands lehine kullanımdan kaldırılmıştır.","jupyter.configuration.jupyter.debugCodeLenses.description":"Hata ayıklama sırasında bir hücrenin üzerine kod lensi olarak koymak için hata ayıklama komutları kümesi.","jupyter.configuration.jupyter.debugJustMyCode.description":"Hata ayıklama sırasında yalnızca kullanıcı tarafından yazılan kodu adımlayın. Kitaplık koduna adımlamaya izin vermek için bunu devre dışı bırakın.","jupyter.configuration.jupyter.debugpyDistPath.description":"Hücrelerde hata ayıklama için hata ayıklama bitlerinin yolu.","jupyter.configuration.jupyter.decorateCells.deprecationMessage":"Bu ayar, jupyter.interactiveWindow.cellMarker.decorateCells lehine kullanımdan kaldırılmıştır.","jupyter.configuration.jupyter.decorateCells.description":"Python dosyasında şu anda etkin olan hücrenin veya tüm hücrelerin arkasına bir vurgu çizin.","jupyter.configuration.jupyter.defaultCellMarker.deprecationMessage":"Bu ayar, jupyter.interactiveWindow.cellMarker.default lehine kullanımdan kaldırılmıştır.","jupyter.configuration.jupyter.defaultCellMarker.description":"Bir python dosyasındaki bir hücreyi tanımlamak için kullanılan hücre işaretçisi.","jupyter.configuration.jupyter.disableJupyterAutoStart.description":"True olduğunda Jupyter'ın sizin için otomatik olarak başlatılmasını devre dışı bırakır. Bunun yerine Jupyter'i başlatmak için bir hücre çalıştırmanız gerekir.","jupyter.configuration.jupyter.enableAutoMoveToNextCell.deprecationMessage":"Bu ayar, jupyter.interactiveWindow.textEditor.autoAddNewCell lehine kullanımdan kaldırılmıştır.","jupyter.configuration.jupyter.enableAutoMoveToNextCell.description":"'Run Cell' kod lensi tıklatıldığında sonraki hücreye taşımayı sağlar.","jupyter.configuration.jupyter.enableCellCodeLens.deprecationMessage":"Bu ayar, jupyter.interactiveWindow.codeLens.enable lehine kullanımdan kaldırılmıştır.","jupyter.configuration.jupyter.enableCellCodeLens.description":"Bir Python dosyasındaki 'cells' için kod lensi sağlar.","jupyter.configuration.jupyter.enableExtendedKernelCompletions.deprecationMessage":"Bu ayar, jupyter.enableExtendedPythonKernelCompletions lehine kullanımdan kaldırılmıştır.","jupyter.configuration.jupyter.enableExtendedKernelCompletions.markdownDescription":"Python için Python Jupyter çekirdeklerini çalıştırırken genişletilmiş IntelliSense tamamlamaları için Jedi desteğini etkinleştirir (bu [ayar](https://ipython.readthedocs.io/en/stable/config/options/terminal.html?highlight=use_jedi#configtrait-Completer'a bakın) .use_jedi)). Bu, dizüstü bilgisayar hücresi yürütme performansını büyük ölçüde etkileyebilir. Dikkatle kullanın.","jupyter.configuration.jupyter.enableKernelCompletions.markdownDescription":"İlişkili Jupyter Çekirdeğinden sonuçları kullanarak Notebooks’ta ve Etkileşimli Windows'da kod tamamlamalarını etkinleştirin.","jupyter.configuration.jupyter.excludeUserSitePackages.description":"Başlamadan önce çekirdeklere PYTHONNOUSERSITE ekleyin. Bu, genel/kullanıcı site paketlerinin çekirdeğin PYTHONPATH'inde kullanılmasını engeller.","jupyter.configuration.jupyter.experiments.enabled.description":"A/B testlerini etkinleştirir/devre dışı bırakır.","jupyter.configuration.jupyter.experiments.optInto.markdownDescription":"Kabul edilecek denemelerin listesi. Boşsa, kullanıcıya varsayılan deneme grupları atanır. [Daha fazla bilgi edinin](https://github.com/microsoft/vscode-jupyter/wiki/Experiments).","jupyter.configuration.jupyter.experiments.optOutFrom.markdownDescription":"Devre dışı bırakılacak deneme listesi. Boşsa, kullanıcıya varsayılan deneme grupları atanır. [Daha fazla bilgi edinin](https://github.com/microsoft/vscode-jupyter/wiki/Experiments).","jupyter.configuration.jupyter.exportWithOutputEnabled.description":"Bir python dosyasını bir jupyter notebook’una aktarmayı etkinleştirin ve bunu yaparken tüm hücreleri çalıştırın.","jupyter.configuration.jupyter.formatStackTraces.description":"Not defteri için depolanan geri izlemeye yığın çerçevesi bağlantıları ekleyin.","jupyter.configuration.jupyter.interactiveWindowMode.deprecationMessage":"Bu ayar, jupyter.interactiveWindow.creationMode lehine kullanımdan kaldırılmıştır.","jupyter.configuration.jupyter.interactiveWindowMode.description":"Etkileşimli Pencerenin Davranışı. 'perFile', bir hücreyi çalıştıran her dosya için yeni bir etkileşimli penceresi oluşturacaktır. 'single' tek bir pencereye izin verir. 'multiple', çoklu oluşturulmasına izin verir.","jupyter.configuration.jupyter.interactiveWindowViewColumn.deprecationMessage":"Bu ayar, jupyter.interactiveWindow.viewColumn lehine kullanımdan kaldırılmıştır.","jupyter.configuration.jupyter.interactiveWindowViewColumn.description":"Python dosyasıyla ilişkili olmayan Etkileşimli Pencerenin açılacağı yer. 'beside', etkileşimli penceresini etkin düzenleyicinin sağ tarafında açar. 'active', etkileşimli penceresini etkin düzenleyicinin yerinde açar. 'secondGroup', etkileşimli penceresini ikinci düzenleyici grubunda açar.","jupyter.configuration.jupyter.jupyterCommandLineArguments.description":"Bir Jupyter sunucusu başlatılırsa ve başlatıldığında, bu bağımsız değişkenler Jupyter Notebook CLI'ye iletilecektir. Varsayılan olarak bu liste Jupyter Uzantısı tarafından oluşturulur.","jupyter.configuration.jupyter.jupyterInterruptTimeout.description":"Jupyter çekirdeğini yeniden başlatmayı istemeden önce bir kesinti için beklenecek süre (ms cinsinden).","jupyter.configuration.jupyter.jupyterLaunchRetries.description":"Jupyter Notebook'a bağlanma girişimi sayısı","jupyter.configuration.jupyter.jupyterLaunchTimeout.description":"Jupyter Notebook sunucusunun başlaması için beklenecek süre (ms cinsinden).","jupyter.configuration.jupyter.kernels.filter.markdownDescription":"Kernel seçiciden dışlanacak Python ortamlarının listesi.","jupyter.configuration.jupyter.kernels.trusted.markdownDescription":"Güvenilecek Çekirdek belirtim dosyalarının mutlak yollarını girin. Ör. 'C:\\Program Data\\Jupyter\\kernels\\python3\\kernel.json'.  \n**Not**:  Çekirdekler, kullanıcı ayrıcalıklarıyla kod yürütebilir. Daha fazla ayrıntı için [buraya](https://aka.ms/JupyterTrustedKernelPaths) tıklayın.","jupyter.configuration.jupyter.logKernelOutputSeparately.description":"Çekirdekler/jupyter sunucu konsolu çıktısı için ayrı çıktı panelleri oluşturur","jupyter.configuration.jupyter.logging.level.description":"Uzantının günlüğe kaydettiği günlüğe kaydetme düzeyi.","jupyter.configuration.jupyter.magicCommandsAsComments.deprecationMessage":"Bu ayar, jupyter.interactiveWindow.textEditor.magicCommandsAsComments lehine kullanımdan kaldırılmıştır.","jupyter.configuration.jupyter.magicCommandsAsComments.description":"Kod hücrelerini ayrıştırırken kabuk atamalarını (#!), satır magic’i (#!%) ve hücre magic’i (#!%%) kaldırın.","jupyter.configuration.jupyter.markdownRegularExpression.deprecationMessage":"Bu ayar, jupyter.interactiveWindow.cellMarker.markdownRegex lehine kullanımdan kaldırılmıştır.","jupyter.configuration.jupyter.markdownRegularExpression.description":"Markdown hücrelerini tanımlamak için kullanılan normal ifade. Bu ifadeden sonraki tüm yorumlar, markdown’ın bir parçası olarak kabul edilir.","jupyter.configuration.jupyter.newCellOnRunLast.deprecationMessage":"Bu ayar, jupyter.interactiveWindow.textEditor.autoAddNewCell lehine kullanımdan kaldırılmıştır.","jupyter.configuration.jupyter.newCellOnRunLast.description":"Şu anda son hücreyi çalıştırırken bir etkileşimli pencere dosyasına yeni bir boş hücre ekleyin.","jupyter.configuration.jupyter.normalizeSelectionForInteractiveWindow.description":"Seçili metin Etkileşimli Pencerede yürütülmeden önce normalleştirilir.","jupyter.configuration.jupyter.notebookFileRoot.description":"Jupyter Not Defterleri ve yerel olarak çalışan Etkileşimli Pencere için kök dizini ayarlayın.\n\n**Not:** Bu, Uzak Jupyter Çekirdekleri için geçerli değildir.","jupyter.configuration.jupyter.pythonCellFolding.deprecationMessage":"Bu ayar, jupyter.interactiveWindow.textEditor.cellFolding lehine kullanımdan kaldırılmıştır.","jupyter.configuration.jupyter.pythonCellFolding.description":"Python dosyalarındaki kod hücreleri için katlama bölgelerini etkinleştirin. Bu ayar, VS Kodunun yeniden yüklenmesini gerektirir.","jupyter.configuration.jupyter.pythonCompletionTriggerCharacters.deprecationMessage":"Bu ayar, jupyter.completionTriggerCharacters lehine kullanımdan kaldırılmıştır.","jupyter.configuration.jupyter.pythonCompletionTriggerCharacters.description":"Python jupyter çekirdeğinde otomatik tamamlamayı tetikleyen karakterler.","jupyter.configuration.jupyter.pythonExportMethod.description":"Bir not defterini bir Python dosyasına aktarırken kullanılacak yöntem. 'direct', kodu olduğu gibi doğrudan kopyalayacaktır. 'commentMagics' satır magics (%), büyü magics (%%) ve kabuk komutları(!) ile başlayan satırları açıklama satırları yapacaktır. 'nbconvert', nbconvert'i yükleyecek ve bunu iPython söz dizimini Python söz dizimine çevirebilen dönüşüm için kullanacaktır.","jupyter.configuration.jupyter.runStartupCommands.description":"Bir dizi Python talimatı veya iPython magic komutları. Bir dizi dizi veya komutları '\\n' ile ayrılmış tek bir dize olabilir. Etkileşimli pencere yüklendiğinde komutlar sessizce yürütülür. Örneğin, etkileşimli oturumu yeniden başlatmak zorunda kalmadan içe aktarılan dosyalarda yapılan değişiklikleri otomatik olarak yeniden yüklemek için bunu '%load_ext autoreload\\n%autoreload 2' olarak ayarlayın.","jupyter.configuration.jupyter.sendSelectionToInteractiveWindow.deprecationMessage":"Bu ayar, jupyter.interactiveWindow.textEditor.executeSelection lehine kullanımdan kaldırılmıştır.","jupyter.configuration.jupyter.sendSelectionToInteractiveWindow.description":"Shift+enter tuşlarına basarken, bir Python dosyasındaki seçili kodu Python terminalinin aksine Jupyter etkileşimli penceresine gönderin.","jupyter.configuration.jupyter.showOutlineButtonInNotebookToolbar.description":"Jupyter notebook araç çubuğunda Ana Hat düğmesini göster.","jupyter.configuration.jupyter.showVariableViewWhenDebugging.description":"Run by Line (Satıra Göre Çalıştır) oturumunu başlatırken Değişken Görünümü açın.","jupyter.configuration.jupyter.splitRunFileIntoCells.description":"Etkileşimli Pencerede çalıştırılan bir dosya, varsa ayrı hücrelerde çalıştırılır.","jupyter.configuration.jupyter.stopOnFirstLineWhileDebugging.description":"Bir hücrede hata ayıklarken, ilk satırda durun.","jupyter.configuration.jupyter.themeMatplotlibPlots.description":"Etkileşimli pencerede ve Notebook Editor teması matplotlib çıktıları, VS Code editörü temasıyla eşleşir.","jupyter.configuration.jupyter.useDefaultConfigForJupyter.description":"Jupyter'ı yerel olarak çalıştırırken, varsayılan boş bir Jupyter yapılandırması oluşturun","jupyter.configuration.jupyter.variableExplorerExclude.description":"Etkileşimli değişken gezgininde gösterilmeyecek türler","jupyter.configuration.jupyter.widgetScriptSources.items.enumDescriptions.0":"https://www.jsdelivr.com/ adresinden widget (javascript) betik dosyalarını yükler","jupyter.configuration.jupyter.widgetScriptSources.items.enumDescriptions.1":"https://unpkg.com/ adresinden widget (javascript) betik dosyalarını yükler","jupyter.configuration.jupyter.widgetScriptSources.markdownDescription":"Widget'lar için betik dosyalarının indirildiği kaynakların konumunu ve sırasını tanımlar (örn. ipywidgest, bqplot, beakerx, ipyleaflet, vb.). Bunlardan herhangi birini seçmemek, widget'ların doğru şekilde işlememesine veya çalışmamasına neden olabilir. Daha fazla bilgi için [buraya](https://aka.ms/PVSCIPyWidgets) bakın. Güncellendikten sonra Çekirdeği yeniden başlatmanız gerekecek.","jupyter.debuggers.interactive":"Python Etkileşimli Penceresi","jupyter.debuggers.kernel":"Python Çekirdeği Hata Ayıklama Bağdaştırıcısı","jupyter.notebookRenderer.Error.displayName":"Jupyter Hata İşleyici","jupyter.notebookRenderer.IPyWidget.displayName":"Jupyter IPyWidget İşleyici"}
