{"DataScience.exportAsNotebook.shorttitle":"Сохранить","DataScience.exportDialogTitle":"Экспортировать как записную книжку Jupyter Notebook","DataScience.installPythonExtensionViaKernelPickerTitle":"Установка расширения Python","DataScience.installPythonTitle":"Установка Python","DataScience.interactiveClearAllCells":"Очистить все","DataScience.interactiveCopyCell":"Копировать ячейку","DataScience.interactiveGoToCode":"Перейти к коду","DataScience.latestExtension":"Скачать последнюю версию расширения Jupyter","DataScience.notebookExport":"Экспорт","DataScience.notebookExportAs":"Экспортировать как","DataScience.notebookExportAs.shorttitle":"Экспорт","DataScience.refreshDataViewerCommandPalette":"Обновить средство просмотра данных","DataScience.runInDedicatedExtensionHost":"Запуск в выделенном хост-процессе для расширений","DataScience.switchToRemoteKernelsTitle":"Подключение к серверу Jupyter","capabilities.untrustedWorkspace.description":"Выполнение ячеек в интерактивном окне и записных книжках не поддерживается в ненадежных рабочих областях.","contributes.walkthroughs.jupyterWelcome.description":"Ваши первые шаги по настройке проекта Jupyter со всеми мощными инструментами и функциями, которые может предложить расширение Jupyter!","contributes.walkthroughs.jupyterWelcome.steps.ipynb.newUntitledIpynb.description":"Щелкните правой кнопкой мыши в проводнике и создайте новый файл с расширением .ipynb. Или откройте [Command Palette](command:workbench.action.showCommands) и запустите команду \n\"Создать: новую записную книжку Jupyter Notebook\".\n[Create New Jupyter Notebook](command:toSide:ipynb.newUntitledIpynb)\n Если у вас уже есть проект, вы также можете [open a folder](command:toSide:workbench.action.files.openFolder) and/or clone a project from GitHub: [clone a Git repository](command:toSide:git.clone).","contributes.walkthroughs.jupyterWelcome.steps.ipynb.newUntitledIpynb.media.altText":"Создание новой записной книжки Jupyter","contributes.walkthroughs.jupyterWelcome.steps.ipynb.newUntitledIpynb.title":"Создайте или откройте Jupyter Notebook.","contributes.walkthroughs.jupyterWelcome.steps.jupyter.dataScienceLearnMore.description":"🎨 Изучите все функции расширения Jupyter путем поиска \"Jupyter\" в [Command Palette](command:workbench.action.showCommands).  \n 📈 Узнайте больше о том, как начать работу с обработкой и анализом данных, в [Python](command:workbench.action.openWalkthrough?%7B%22category%22%3A%22ms-python.python%23pythonDataScienceWelcome%22%2C%22step%22%3A%22ms-python.python%23python.createNewNotebook%22%7D), установив расширение Python ([search Python extension](command:workbench.extensions.search?\"ms-python.python\")). \n 📃 Узнайте больше о возможностях в наших [Tutorials](https://code.visualstudio.com/docs/datascience/jupyter-notebooks).  \n[Learn more](https://aka.ms/AAdar6q)","contributes.walkthroughs.jupyterWelcome.steps.jupyter.dataScienceLearnMore.media.altText":"Изображение, представляющее нашу страницу документации и ресурсы списка рассылки.","contributes.walkthroughs.jupyterWelcome.steps.jupyter.dataScienceLearnMore.title":"Подробнее","contributes.walkthroughs.jupyterWelcome.steps.jupyter.exploreAndDebug.description":"📅 Вы можете использовать [средство просмотра данных](https://code.visualstudio.com/docs/datascience/data-science-tutorial#_prepare-the-data) для просмотра, сортировки и фильтрации строк данных. После загрузки данных щелкните \"Переменные\" справа вверху записной книжки и щелкните значок \"Просмотр данных\" слева от таблицы данных. \n \n[Сведения о средстве просмотра данных](https://code.visualstudio.com/docs/datascience/data-science-tutorial#_prepare-the-data)\n \n📒 Выполните отладку записной книжки в режиме [построчного запуска](https://code.visualstudio.com/docs/datascience/jupyter-notebooks#_run-by-line) для выполнения ячейки строка за строкой. Для этого щелкните значок построчного запуска в ячейке (кнопка воспроизведения с линиями) или нажмите клавишу F10. \n \n[Сведения о построчном запуске](https://code.visualstudio.com/docs/datascience/jupyter-notebooks#_run-by-line)","contributes.walkthroughs.jupyterWelcome.steps.jupyter.exploreAndDebug.media.altText":"Открытие средства просмотра данных","contributes.walkthroughs.jupyterWelcome.steps.jupyter.exploreAndDebug.title":"Изучение данных и отладка","contributes.walkthroughs.jupyterWelcome.steps.jupyter.selectKernel.description":"Щелкните \"Выбрать ядро\" в правом верхнем углу записной книжки и выберите среду, в которой будет запускаться ваше ядро. Или, когда записная книжка открыта и находится в фокусе, откройте [Command Palette](command:workbench.action.showCommands) и запустите команду \nNotebook: Select Notebook Kernel. \n[Open Command Palette to Select a Jupyter Kernel](command:workbench.action.showCommands)","contributes.walkthroughs.jupyterWelcome.steps.jupyter.selectKernel.media.altText":"Выбор или изменение ядра записной книжки","contributes.walkthroughs.jupyterWelcome.steps.jupyter.selectKernel.title":"Выбор ядра Jupyter","contributes.walkthroughs.jupyterWelcome.title":"Начало работы с Jupyter Notebooks","jupyter.command.dataScience.clearCache.title":"Очистить кэш","jupyter.command.dataScience.clearUserProviderJupyterServerCache.title":"Очистить кэш сервера Jupyter пользователя","jupyter.command.editor.interactiveWindow.context.label":"Запустить в интерактивном окне","jupyter.command.jupyter.addcellbelow.title":"Добавить пустую ячейку в файл","jupyter.command.jupyter.changeCellToCode.title":"Заменить ячейку на код","jupyter.command.jupyter.changeCellToMarkdown.title":"Изменить ячейку на Markdown","jupyter.command.jupyter.clearSavedJupyterUris.title":"Очистить список удаленных серверов Jupyter","jupyter.command.jupyter.collapseallcells.shorttitle":"Свернуть","jupyter.command.jupyter.collapseallcells.title":"Свернуть все входные данные ячейки","jupyter.command.jupyter.createnewinteractive.title":"Создать интерактивное окно","jupyter.command.jupyter.createnewnotebook.title":"Создать новую Jupyter Notebook","jupyter.command.jupyter.debugCell.title":"Отладка ячейки","jupyter.command.jupyter.debugFileInteractive.title":"Отладка текущего файла в интерактивном окне","jupyter.command.jupyter.debugcell.title":"Отладка ячейки","jupyter.command.jupyter.debugcontinue.title":"Продолжить","jupyter.command.jupyter.debugcurrentcell.palette.title":"Выполнить отладку текущей ячейки","jupyter.command.jupyter.debugstepover.title":"Шаг с обходом","jupyter.command.jupyter.debugstop.title":"Остановить","jupyter.command.jupyter.deleteCells.title":"Удалить выделенные ячейки","jupyter.command.jupyter.enableDebugLogging.title":"Включить ведение журнала отладки","jupyter.command.jupyter.execSelectionInteractive.title":"Запустить выделенный фрагмент или строку в интерактивном окне","jupyter.command.jupyter.expandallcells.shorttitle":"Развернуть","jupyter.command.jupyter.expandallcells.title":"Развернуть все входные данные ячейки","jupyter.command.jupyter.exportAsPythonScript.title":"Экспорт в скрипт Python","jupyter.command.jupyter.exportToHTML.title":"Экспорт в HTML","jupyter.command.jupyter.exportToPDF.title":"Экспортировать в PDF","jupyter.command.jupyter.exportfileandoutputasnotebook.title":"Экспорт текущего файла и выходных данных Python в качестве Jupyter Notebook","jupyter.command.jupyter.exportfileasnotebook.title":"Экспорт текущего файла Python в качестве Jupyter Notebook","jupyter.command.jupyter.exportoutputasnotebook.title":"Экспорт интерактивного окна в Jupyter Notebook","jupyter.command.jupyter.extendSelectionByCellAbove.title":"Расширить выделенный фрагмент на ячейку выше","jupyter.command.jupyter.extendSelectionByCellBelow.title":"Расширить выделенный фрагмент на ячейку ниже","jupyter.command.jupyter.filterKernels.title":"Ядра фильтра","jupyter.command.jupyter.gotoNextCellInFile.title":"Перейти к следующей ячейке","jupyter.command.jupyter.gotoPrevCellInFile.title":"Вернуться к предыдущей ячейке","jupyter.command.jupyter.importnotebook.title":"Импортировать записную книжку Jupyter Notebook","jupyter.command.jupyter.importnotebookfile.title":"Импорт записной книжки в сценарий","jupyter.command.jupyter.insertCellAbove.title":"Вставить ячейку выше","jupyter.command.jupyter.insertCellBelow.title":"Вставить ячейку ниже","jupyter.command.jupyter.insertCellBelowPosition.title":"Вставить ячейку ниже","jupyter.command.jupyter.interruptkernel.shorttitle":"Прервать","jupyter.command.jupyter.interruptkernel.title":"Прервать ядро (Kernel)","jupyter.command.jupyter.moveCellsDown.title":"Переместить выбранные ячейки вниз","jupyter.command.jupyter.moveCellsUp.title":"Переместить выбранные ячейки вверх","jupyter.command.jupyter.notebookeditor.addcellbelow.title":"Добавить пустую ячейку в файл Notebook","jupyter.command.jupyter.notebookeditor.collapseallcells.title":"Свернуть все ячейки Notebook","jupyter.command.jupyter.notebookeditor.expandallcells.title":"Развернуть все ячейки Notebook","jupyter.command.jupyter.notebookeditor.removeallcells.title":"Удалить все ячейки редактора Notebook","jupyter.command.jupyter.openOutlineView.shorttitle":"Структура","jupyter.command.jupyter.openOutlineView.title":"Показать оглавление (представление \"Структура\")","jupyter.command.jupyter.openVariableView.shorttitle":"Переменные","jupyter.command.jupyter.openVariableView.title":"Открыть представление переменных","jupyter.command.jupyter.replayPylanceLog.title":"Воспроизвести журнал Pylance","jupyter.command.jupyter.replayPylanceLogStep.title":"Журнал шага Pylance","jupyter.command.jupyter.resetLoggingLevel.title":"Сброс уровня ведения журнала","jupyter.command.jupyter.restartkernel.shorttitle":"Перезапустить","jupyter.command.jupyter.restartkernel.title":"Перезапустить ядро (Kernel)","jupyter.command.jupyter.restartkernelandrunallcells.shorttitle":"Перезагрузить и запустить все","jupyter.command.jupyter.restartkernelandrunallcells.title":"Перезагрузить ядро и запустить все ячейки","jupyter.command.jupyter.restartkernelandrunuptoselectedcell.title":"Перезапустить ядро и выполнять до выбранной ячейки","jupyter.command.jupyter.runByLine.title":"Запустить выполнение построчно","jupyter.command.jupyter.runByLineNext.title":"Выполнить следующую строку","jupyter.command.jupyter.runByLineStop.title":"Продолжить выполнение","jupyter.command.jupyter.runFileInteractive.title":"Запуск текущего файла в интерактивном окне","jupyter.command.jupyter.runallcells.title":"Выполнить все ячейки","jupyter.command.jupyter.runallcellsabove.palette.title":"Выполнить ячейки над текущей ячейкой","jupyter.command.jupyter.runallcellsabove.title":"Выполнить весь код выше текущей ячейки","jupyter.command.jupyter.runcell.title":"Выполнить ячейку","jupyter.command.jupyter.runcellandallbelow.title":"Выполнить код начиная с ячейки ниже текущей","jupyter.command.jupyter.runcurrentcell.title":"Выполнить текущую ячейку","jupyter.command.jupyter.runcurrentcelladvance.title":"Запустить текущую ячейку и перейти","jupyter.command.jupyter.runcurrentcellandallbelow.palette.title":"Запустить текущую ячейку и ниже","jupyter.command.jupyter.runfromline.title":"Запуск из строки в интерактивном окне","jupyter.command.jupyter.runtoline.title":"Выполнить до строки в интерактивном окне","jupyter.command.jupyter.scrolltocell.title":"Прокрутить ячейку в представление","jupyter.command.jupyter.selectCell.title":"Выделить ячейку","jupyter.command.jupyter.selectCellContents.title":"Выбор содержания ячейки","jupyter.command.jupyter.selectJupyterInterpreter.title":"Выберите интерпретатор для запуска сервера Jupyter","jupyter.command.jupyter.showDataViewer.title":"Просмотреть значение в средстве просмотра данных","jupyter.command.jupyter.viewOutput.title":"Показать выходные данные","jupyter.command.manageAccessToKernels":"Управление доступом к ядрам Jupyter","jupyter.commandPalette.jupyter.replayPylanceLog.title":"Воспроизвести журнал Pylance","jupyter.configuration.jupyter.addGotoCodeLenses.deprecationMessage":"Этот параметр больше не рекомендуется, используйте jupyter.interactiveWindow.codeLens.enableGotoCell.","jupyter.configuration.jupyter.addGotoCodeLenses.description":"После запуска ячейки добавьте в нее линзу кода \"Goto\". Обратите внимание, что при отключении всех кодовых линз отключается и эта кодовая линза.","jupyter.configuration.jupyter.allowUnauthorizedRemoteConnection.description":"Разрешить подключение интерактивного окна к https-серверу Jupyter, не имеющему действительных сертификатов. Это может представлять угрозу безопасности, поэтому используйте это только для известных и доверенных серверов.","jupyter.configuration.jupyter.askForKernelRestart.description":"Предупреждать пользователя перед перезапуском ядра.","jupyter.configuration.jupyter.askForLargeDataFrames.description":"Предупреждать пользователя попыткой открытия очень больших фреймов данных.","jupyter.configuration.jupyter.codeLenses.deprecationMessage":"Этот параметр больше не рекомендуется, используйте jupyter.interactiveWindow.codeLens.commands.","jupyter.configuration.jupyter.codeLenses.description":"Набор команд для размещения в качестве кодовой линзы над ячейкой.","jupyter.configuration.jupyter.codeRegularExpression.deprecationMessage":"Этот параметр больше не рекомендуется, используйте jupyter.interactiveWindow.cellMarker.codeRegex.","jupyter.configuration.jupyter.codeRegularExpression.description":"Регулярное выражение, используемое для идентификации ячеек кода. Весь код до следующего совпадения считается частью этой ячейки.","jupyter.configuration.jupyter.completionTriggerCharacters.markdownDescription":"Сопоставление символов, которые запускают автоматическое завершение на языке ядра Jupyter. Ниже приведен пример активирующих символов для языков ядер Rust и Julla:\n```json \n{\n  \"julia\": [\".\"],\n  \"rust\": [\".\",\":\"] \n}\n```","jupyter.configuration.jupyter.debugCodeLenses.deprecationMessage":"Этот параметр больше не рекомендуется, используйте jupyter.interactiveWindow.codeLes.debugCommands.","jupyter.configuration.jupyter.debugCodeLenses.description":"Набор команд отладки для размещения в виде линзы кода над ячейкой во время отладки.","jupyter.configuration.jupyter.debugJustMyCode.description":"При отладке выполнять только обход написанного пользователем кода. Отключите этот параметр, чтобы разрешить обход кода библиотеки.","jupyter.configuration.jupyter.debugpyDistPath.description":"Путь к битам отладки для ячеек отладки.","jupyter.configuration.jupyter.decorateCells.deprecationMessage":"Этот параметр больше не рекомендуется, используйте jupyter.interactiveWindow.cellMarker.interactiveCells.","jupyter.configuration.jupyter.decorateCells.description":"Нарисуйте выделение за текущей активной ячейкой или всеми ячейками в файле Python.","jupyter.configuration.jupyter.defaultCellMarker.deprecationMessage":"Этот параметр больше не рекомендуется, используйте jupyter.interactiveWindow.cellMarker.default","jupyter.configuration.jupyter.defaultCellMarker.description":"Маркер ячейки, используемый для обозначения ячейки в файле Python.","jupyter.configuration.jupyter.disableJupyterAutoStart.description":"При значении ИСТИНА отключает автоматический запуск Jupyter. Вместо этого для запуска Jupyter нужно запустить ячейку.","jupyter.configuration.jupyter.enableAutoMoveToNextCell.deprecationMessage":"Этот параметр больше не рекомендуется, используйте jupyter.interactiveWindow.textEditor.autoMoveToNextCell.","jupyter.configuration.jupyter.enableAutoMoveToNextCell.description":"Позволяет перейти к следующей ячейке при нажатии на линзу кода \"Run Cell\".","jupyter.configuration.jupyter.enableCellCodeLens.deprecationMessage":"Этот параметр больше не рекомендуется, используйте jupyter.interactiveWindow.codeLens.enable.","jupyter.configuration.jupyter.enableCellCodeLens.description":"Включает линзу кода для \"ячеек\" в файле Python.","jupyter.configuration.jupyter.enableExtendedKernelCompletions.deprecationMessage":"Этот параметр больше не рекомендуется, используйте jupyter.enableExtendedPythonKernelCompletions.","jupyter.configuration.jupyter.enableExtendedKernelCompletions.markdownDescription":"Включает поддержку Jedi для расширенных дополнений IntelliSense при запуске ядер Jupyter Python для Python (см. [setting](https://ipython.readthedocs.io/en/stable/config/options/terminal.html?highlight=use_jedi#configtrait-Completer.use_jedi)). Это может сильно повлиять на производительность выполнения ячеек ноутбука. Используйте с осторожностью.","jupyter.configuration.jupyter.enableKernelCompletions.markdownDescription":"Включите автодополнение кода в записных книжках и интерактивных окнах, используя результаты связанного ядра Jupyter.","jupyter.configuration.jupyter.excludeUserSitePackages.description":"Добавьте PYTHONNOUSERSITE в ядра перед запуском. Это предотвращает использование глобальных и пользовательских пакетов сайта в PYTHONPATH ядра.","jupyter.configuration.jupyter.experiments.enabled.description":"Включает и отключает тексты A и B.","jupyter.configuration.jupyter.experiments.optInto.markdownDescription":"Список экспериментов, в которых можно принять участие. Если список пуст, пользователю назначаются группы экспериментов по умолчанию. [Learn more](https://github.com/microsoft/vscode-jupyter/wiki/Experiments).","jupyter.configuration.jupyter.experiments.optOutFrom.markdownDescription":"Список экспериментов, от которых нужно отказаться. Если он пуст, пользователю назначаются экспериментальные группы по умолчанию. [Learn more](https://github.com/microsoft/vscode-jupyter/wiki/Experiments).","jupyter.configuration.jupyter.exportWithOutputEnabled.description":"Включите экспорт файла Python в записную книжку Jupyter и при этом запустите все ячейки.","jupyter.configuration.jupyter.formatStackTraces.description":"Вставьте ссылки кадра стека в сохраненную трассировку для записной книжки.","jupyter.configuration.jupyter.interactiveWindowMode.deprecationMessage":"Этот параметр больше не рекомендуется, используйте jupyter.interactiveWindow.creationMode.","jupyter.configuration.jupyter.interactiveWindowMode.description":"Поведение интерактивного окна. \"perFile\" создаст новое интерактивное окно для каждого файла с запущенной ячейкой. ''single'' разрешает одно окно. ''multiple'' позволяет создавать несколько.","jupyter.configuration.jupyter.interactiveWindowViewColumn.deprecationMessage":"Этот параметр больше не рекомендуется, используйте jupyter.interactiveWindow.viewColumn.","jupyter.configuration.jupyter.interactiveWindowViewColumn.description":"Место открытия интерактивного окна, не связанного с файлом Python. 'beside' откроет интерактивное окно справа от активного редактора. 'active' откроет интерактивное окно вместо активного редактора. 'secondGroup' откроет интерактивное окно во второй группе редакторов.","jupyter.configuration.jupyter.jupyterCommandLineArguments.description":"Если и когда сервер Jupyter запущен, эти аргументы будут переданы в интерфейс командной строки Jupyter Notebook. По умолчанию этот список создается расширением Jupyter.","jupyter.configuration.jupyter.jupyterInterruptTimeout.description":"Время (в мс) ожидания прерывания перед запросом перезапуска ядра Jupyter.","jupyter.configuration.jupyter.jupyterLaunchRetries.description":"Количество попыток подключения к Jupyter Notebook","jupyter.configuration.jupyter.jupyterLaunchTimeout.description":"Время (в мс) ожидания запуска сервера Jupyter Notebook.","jupyter.configuration.jupyter.kernels.filter.markdownDescription":"Список сред Python, которые необходимо исключить из средства выбора ядра.","jupyter.configuration.jupyter.kernels.trusted.markdownDescription":"Введите полные пути к файлам спецификации доверенных ядер. Например. 'C:\\Program Data\\Jupyter\\kernels\\python3\\kernel.json'.\n**Заметка**. Ядра могут выполнять код с привилегиями пользователя. Щелкните [здесь](https://aka.ms/JupyterTrustedKernelPaths) для получения дополнительных сведений.","jupyter.configuration.jupyter.logKernelOutputSeparately.description":"Создает отдельные панели вывода для вывода консоли ядра и сервера Jupyter.","jupyter.configuration.jupyter.logging.level.description":"Уровень регистрации расширения ведения журнала.","jupyter.configuration.jupyter.magicCommandsAsComments.deprecationMessage":"Этот параметр больше не рекомендуется, используйте jupyter.interactiveWindow.textEditor.magicCommandsAsComments.","jupyter.configuration.jupyter.magicCommandsAsComments.description":"Раскомментировать назначения оболочки (#!), магические строки (#!%) и магические символы ячеек (#!%%) при анализе ячеек кода.","jupyter.configuration.jupyter.markdownRegularExpression.deprecationMessage":"Этот параметр больше не рекомендуется, используйте jupyter.interactiveWindow.cellMarker.markdownRegex.","jupyter.configuration.jupyter.markdownRegularExpression.description":"Регулярное выражение, используемое для идентификации ячеек Markdown. Все комментарии после этого выражения считаются частью Markdown.","jupyter.configuration.jupyter.newCellOnRunLast.deprecationMessage":"Этот параметр больше не рекомендуется, используйте jupyter.interactiveWindow.textEditor.autoAddNewCell.","jupyter.configuration.jupyter.newCellOnRunLast.description":"Добавить новую пустую ячейку в файл интерактивного окна при запуске последней текущей ячейки.","jupyter.configuration.jupyter.normalizeSelectionForInteractiveWindow.description":"Выделенный текст будет нормализован перед его выполнением в интерактивном окне.","jupyter.configuration.jupyter.notebookFileRoot.description":"Установите корневой каталог для Jupyter Notebook и Интерактивного окна, выполняемого локально.  \n\n**Примечание.** Этот параметр не применяется к удаленным ядрам Jupyter.","jupyter.configuration.jupyter.pythonCellFolding.deprecationMessage":"Этот параметр больше не рекомендуется, используйте jupyter.interactiveWindow.textEditor.cellFolding.","jupyter.configuration.jupyter.pythonCellFolding.description":"Включить свертывание областей для ячеек кода в файлах Python. Для этого параметра требуется перезагрузка VS Code.","jupyter.configuration.jupyter.pythonCompletionTriggerCharacters.deprecationMessage":"Этот параметр больше не рекомендуется, используйте jupyter.completionTriggerCharacters.","jupyter.configuration.jupyter.pythonCompletionTriggerCharacters.description":"Символы, запускающие автозавершение в ядре Python Jupyter.","jupyter.configuration.jupyter.pythonExportMethod.description":"Метод, используемый при экспорте записной книжки в файл Python. ''direct'' будет копировать код напрямую как есть. ''commentMagics'' будет комментировать строки, начинающиеся со строк магических команд (%), ячеек магических команд (%%) и команд оболочки (!). ''nbconvert'' установит ''nbconvert'' и будет использовать его для преобразования, способного переводить синтаксис iPython в синтаксис Python.","jupyter.configuration.jupyter.runStartupCommands.description":"Серия инструкций Python или волшебных команд iPython. Может быть массивом строк или одной строкой с командами, разделенными ''\\n''. Команды будут автоматически выполняться при загрузке интерактивного окна. Например, установите для этого ''%load_ext autoreload\\n%autoreload 2'', чтобы автоматически перезагружать изменения, внесенные в импортируемые файлы, без перезапуска интерактивного сеанса.","jupyter.configuration.jupyter.sendSelectionToInteractiveWindow.deprecationMessage":"Этот параметр больше не рекомендуется, используйте jupyter.interactiveWindow.textEditor.executeSelection.","jupyter.configuration.jupyter.sendSelectionToInteractiveWindow.description":"При нажатии SHIFT+ВВОД отправляйте выбранный код в файле Python в интерактивное окно Jupyter, а не в терминал Python.","jupyter.configuration.jupyter.showOutlineButtonInNotebookToolbar.description":"Отображение кнопки \"Структура\" на панели инструментов записной книжки Jupyter.","jupyter.configuration.jupyter.showVariableViewWhenDebugging.description":"Просмотр представления переменных при запуске сеанса Выполнить по строке.","jupyter.configuration.jupyter.splitRunFileIntoCells.description":"Файл, запущенный в Интерактивном окне, будет запущен в отдельных ячейках (при наличии).","jupyter.configuration.jupyter.stopOnFirstLineWhileDebugging.description":"При отладке ячейки останавливать на первой строке.","jupyter.configuration.jupyter.themeMatplotlibPlots.description":"В интерактивном окне и в теме редактора Notebook вывод matplotlib соответствует теме редактора VS Code.","jupyter.configuration.jupyter.useDefaultConfigForJupyter.description":"При локальном запуске Jupyter создайте пустую конфигурацию Jupyter по умолчанию.","jupyter.configuration.jupyter.variableExplorerExclude.description":"Типы, которые следует исключить из показа в интерактивном обозревателе переменных","jupyter.configuration.jupyter.widgetScriptSources.items.enumDescriptions.0":"Загружает скрипты виджетов (javascript) с https://www.jsdelivr.com/","jupyter.configuration.jupyter.widgetScriptSources.items.enumDescriptions.1":"Загружает скрипты виджетов (javascript) с https://unpkg.com/","jupyter.configuration.jupyter.widgetScriptSources.markdownDescription":"Определите расположение и порядок источников, из которых загружаются файлы скриптов для виджетов (например, ipywidgest, bqplot, beakerx, ipyleaflet и т. д.). Отстуствие выбора любого из них может привести к тому, что виджеты не будут отображаться или работать неправильно. См. [here](https://aka.ms/PVSCIPyWidgets) для получения дополнительных сведений. После обновления вам нужно будет перезапустить ядро.","jupyter.debuggers.interactive":"Интерактивное окно Python","jupyter.debuggers.kernel":"Адаптер отладки ядра Python","jupyter.notebookRenderer.Error.displayName":"Отрисовщик ошибок Jupyter","jupyter.notebookRenderer.IPyWidget.displayName":"Отрисовщик Jupyter IPyWidget"}
