{"DataScience.exportAsNotebook.shorttitle":"Salva","DataScience.exportDialogTitle":"Esporta in Jupyter Notebook","DataScience.installPythonExtensionViaKernelPickerTitle":"Installa estensione Python","DataScience.installPythonTitle":"Installa Python","DataScience.interactiveClearAllCells":"Cancella tutto","DataScience.interactiveCopyCell":"Copia la cella","DataScience.interactiveGoToCode":"Vai al codice","DataScience.latestExtension":"Scarica l'ultima versione dell'estensione Jupyter","DataScience.notebookExport":"Esporta","DataScience.notebookExportAs":"Esporta come","DataScience.notebookExportAs.shorttitle":"Esporta","DataScience.refreshDataViewerCommandPalette":"Aggiorna Visualizzatore dati","DataScience.runInDedicatedExtensionHost":"Esegui sull'host dell’estensione dedicato","DataScience.switchToRemoteKernelsTitle":"Connettersi a un server Jupyter","capabilities.untrustedWorkspace.description":"L'esecuzione di celle nella finestra interattiva e nei notebook non è supportata nelle aree di lavoro non attendibili.","contributes.walkthroughs.jupyterWelcome.description":"Primi passaggi per la configurazione di un progetto Jupyter usando i potenti strumenti e le funzionalità che offre l'estensione Jupyter.","contributes.walkthroughs.jupyterWelcome.steps.ipynb.newUntitledIpynb.description":"Fare clic con il pulsante destro del mouse in Esplora file e creare un nuovo file con estensione ipynb. In alternativa, aprire il [Command Palette](command:workbench.action.showCommands) ed eseguire il comando \n''Crea: nuovo Jupyter Notebook''.\n[Create New Jupyter Notebook](command:toSide:ipynb.newUntitledIpynb)\n Se si dispone di un progetto esistente, è anche possibile [open a folder](command:toSide:workbench.action.files.openFolder) e/o clonare un progetto da GitHub: [clone a Git repository](command:toSide:git.clone).","contributes.walkthroughs.jupyterWelcome.steps.ipynb.newUntitledIpynb.media.altText":"Creazione di un nuovo notebook su Jupyter","contributes.walkthroughs.jupyterWelcome.steps.ipynb.newUntitledIpynb.title":"Creare o aprire un Jupyter Notebook","contributes.walkthroughs.jupyterWelcome.steps.jupyter.dataScienceLearnMore.description":"🎨 Per esplorare tutte le funzionalità offerte dall'estensione Jupyter, cercare \"Jupyter\" nel [Command Palette](command:workbench.action.showCommands). \n 📈 Altre informazioni su come iniziare a usare data science in [Python](command:workbench.action.openWalkthrough?%7B%22category%22%3A%22ms-python.python%23pythonDataScienceWelcome%22%2C%22step%22%3A%22ms-python.python%23python.createNewNotebook%22%7D) installando l'estensione Python ([search Python extension](command:workbench.extensions.search?\"ms-python.python\")). \n 📃 Altre funzionalità in [Tutorials](https://code.visualstudio.com/docs/datascience/jupyter-notebooks).  \n[Ulteriori informazioni](https://aka.ms/AAdar6q)","contributes.walkthroughs.jupyterWelcome.steps.jupyter.dataScienceLearnMore.media.altText":"Immagine che rappresenta le risorse della pagina di documentazione e della lista di distribuzione.","contributes.walkthroughs.jupyterWelcome.steps.jupyter.dataScienceLearnMore.title":"Altre informazioni","contributes.walkthroughs.jupyterWelcome.steps.jupyter.exploreAndDebug.description":"📅 È possibile usare [Data Viewer](https://code.visualstudio.com/docs/datascience/data-science-tutorial#_prepare-the-data) per visualizzare, ordinare e filtrare le righe di dati. Dopo aver caricato i dati, fare clic su \"Variabili\" in alto a destra nel notebook e fare clic sull'icona Visualizzatore dati a sinistra della tabella dati. \n \n[Learn about Data Viewer](https://code.visualstudio.com/docs/datascience/data-science-tutorial#_prepare-the-data)\n \n📒 Eseguire il debug del notebook usando la modalità [Run by Line](https://code.visualstudio.com/docs/datascience/jupyter-notebooks#_run-by-line) per eseguire una cella una riga alla volta. Fare clic sull'icona Esegui per riga dalla cella (pulsante Riproduci con le righe) o premere F10. \n \n[Learn about Run by Line](https://code.visualstudio.com/docs/datascience/jupyter-notebooks#_run-by-line)","contributes.walkthroughs.jupyterWelcome.steps.jupyter.exploreAndDebug.media.altText":"Apertura del visualizzatore dati","contributes.walkthroughs.jupyterWelcome.steps.jupyter.exploreAndDebug.title":"Esplorare i dati e il debug","contributes.walkthroughs.jupyterWelcome.steps.jupyter.selectKernel.description":"Fare clic su Seleziona kernel in alto a destra del notebook e scegliere l'ambiente in cui eseguire il kernel. In alternativa, con un notebook aperto e attivo, aprire il [Command Palette](command:workbench.action.showCommands) ed eseguire il comando: \n''Notebook: seleziona kernel notebook''. \n[Open Command Palette to Select a Jupyter Kernel](command:workbench.action.showCommands)","contributes.walkthroughs.jupyterWelcome.steps.jupyter.selectKernel.media.altText":"Selezione o modifica di un kernel notebook","contributes.walkthroughs.jupyterWelcome.steps.jupyter.selectKernel.title":"Selezionare un kernel Jupyter","contributes.walkthroughs.jupyterWelcome.title":"Inizia a usare i Jupyter Notebook","jupyter.command.dataScience.clearCache.title":"Cancella cache","jupyter.command.dataScience.clearUserProviderJupyterServerCache.title":"Cancella cache del server Jupyter utente","jupyter.command.editor.interactiveWindow.context.label":"Esegui nella finestra interattiva","jupyter.command.jupyter.addcellbelow.title":"Aggiungi cella vuota al file","jupyter.command.jupyter.changeCellToCode.title":"Modifica cella in codice","jupyter.command.jupyter.changeCellToMarkdown.title":"Modifica cella in Markdown","jupyter.command.jupyter.clearSavedJupyterUris.title":"Cancella elenco server remoti Jupyter","jupyter.command.jupyter.collapseallcells.shorttitle":"Comprimi","jupyter.command.jupyter.collapseallcells.title":"Comprimi Tutti gli input delle celle","jupyter.command.jupyter.createnewinteractive.title":"Crea finestra interattiva","jupyter.command.jupyter.createnewnotebook.title":"Crea nuovo Jupyter Notebook","jupyter.command.jupyter.debugCell.title":"Cella di debug","jupyter.command.jupyter.debugFileInteractive.title":"Esegui debug del file corrente nella finestra interattiva","jupyter.command.jupyter.debugcell.title":"Cella di debug","jupyter.command.jupyter.debugcontinue.title":"Continua","jupyter.command.jupyter.debugcurrentcell.palette.title":"Esegui il debug della cella attiva","jupyter.command.jupyter.debugstepover.title":"Esegui istruzione/routine","jupyter.command.jupyter.debugstop.title":"Arresta","jupyter.command.jupyter.deleteCells.title":"Elimina celle selezionate","jupyter.command.jupyter.enableDebugLogging.title":"Abilita registrazione debug","jupyter.command.jupyter.execSelectionInteractive.title":"Esegui selezione/riga nella finestra interattiva","jupyter.command.jupyter.expandallcells.shorttitle":"Espandi","jupyter.command.jupyter.expandallcells.title":"Espandi Tutti gli input delle celle","jupyter.command.jupyter.exportAsPythonScript.title":"Esporta in script Python","jupyter.command.jupyter.exportToHTML.title":"Esporta in HTML","jupyter.command.jupyter.exportToPDF.title":"Esporta in PDF","jupyter.command.jupyter.exportfileandoutputasnotebook.title":"Esporta file e output Python correnti come Jupyter Notebook","jupyter.command.jupyter.exportfileasnotebook.title":"Esporta file Python corrente come Jupyter Notebook","jupyter.command.jupyter.exportoutputasnotebook.title":"Esporta finestra interattiva come Jupyter Notebook","jupyter.command.jupyter.extendSelectionByCellAbove.title":"Estendi selezione per cella precedente","jupyter.command.jupyter.extendSelectionByCellBelow.title":"Estendi selezione per cella seguente","jupyter.command.jupyter.filterKernels.title":"Filtrare i kernel","jupyter.command.jupyter.gotoNextCellInFile.title":"Vai alla cella successiva","jupyter.command.jupyter.gotoPrevCellInFile.title":"Vai a cella precedente","jupyter.command.jupyter.importnotebook.title":"Importa Jupyter Notebook","jupyter.command.jupyter.importnotebookfile.title":"Importa Notebook nello script","jupyter.command.jupyter.insertCellAbove.title":"Inserisci cella precedente","jupyter.command.jupyter.insertCellBelow.title":"Inserisci cella seguente","jupyter.command.jupyter.insertCellBelowPosition.title":"Inserisci posizione cella seguente","jupyter.command.jupyter.interruptkernel.shorttitle":"Interrompi","jupyter.command.jupyter.interruptkernel.title":"Interrompi il Kernel","jupyter.command.jupyter.moveCellsDown.title":"Sposta giù celle selezionate","jupyter.command.jupyter.moveCellsUp.title":"Sposta su celle selezionate","jupyter.command.jupyter.notebookeditor.addcellbelow.title":"Aggiungi cella vuota al file Notebook","jupyter.command.jupyter.notebookeditor.collapseallcells.title":"Comprimi tutte le celle Notebook","jupyter.command.jupyter.notebookeditor.expandallcells.title":"Espandi tutte le celle Notebook","jupyter.command.jupyter.notebookeditor.removeallcells.title":"Elimina tutte le celle dell'editor Notebook","jupyter.command.jupyter.openOutlineView.shorttitle":"Struttura","jupyter.command.jupyter.openOutlineView.title":"Mostra sommario (visualizzazione Struttura)","jupyter.command.jupyter.openVariableView.shorttitle":"Variabili","jupyter.command.jupyter.openVariableView.title":"Apri visualizzazione variabili","jupyter.command.jupyter.replayPylanceLog.title":"Riproduzione log Pylance","jupyter.command.jupyter.replayPylanceLogStep.title":"Passaggio log di Pylance","jupyter.command.jupyter.resetLoggingLevel.title":"Reimposta livello di registrazione","jupyter.command.jupyter.restartkernel.shorttitle":"Riavvia","jupyter.command.jupyter.restartkernel.title":"Riavvia il Kernel","jupyter.command.jupyter.restartkernelandrunallcells.shorttitle":"Riavviare ed eseguire tutte le celle","jupyter.command.jupyter.restartkernelandrunallcells.title":"Riavviare kernel ed eseguire tutte le celle","jupyter.command.jupyter.restartkernelandrunuptoselectedcell.title":"Riavviare il kernel ed eseguire fino alla cella selezionata","jupyter.command.jupyter.runByLine.title":"Esegui per riga","jupyter.command.jupyter.runByLineNext.title":"Esegui riga successiva","jupyter.command.jupyter.runByLineStop.title":"Continua esecuzione","jupyter.command.jupyter.runFileInteractive.title":"Esegui file corrente nella finestra interattiva","jupyter.command.jupyter.runallcells.title":"Esegui tutte le celle","jupyter.command.jupyter.runallcellsabove.palette.title":"Esegui celle precedente la cella attiva","jupyter.command.jupyter.runallcellsabove.title":"Esegui precedente","jupyter.command.jupyter.runcell.title":"Esegui cella","jupyter.command.jupyter.runcellandallbelow.title":"Esegui seguente","jupyter.command.jupyter.runcurrentcell.title":"Esegui cella corrente","jupyter.command.jupyter.runcurrentcelladvance.title":"Esegui cella attiva e seguenti","jupyter.command.jupyter.runcurrentcellandallbelow.palette.title":"Esegui cella attiva e seguenti","jupyter.command.jupyter.runfromline.title":"Esegui da riga nella finestra interattiva","jupyter.command.jupyter.runtoline.title":"Esegui per riga nella finestra interattiva","jupyter.command.jupyter.scrolltocell.title":"Scorri cella nella visualizzazione","jupyter.command.jupyter.selectCell.title":"Seleziona cella","jupyter.command.jupyter.selectCellContents.title":"Seleziona contenuto cella","jupyter.command.jupyter.selectJupyterInterpreter.title":"Selezionare interprete per avviare Jupyter","jupyter.command.jupyter.showDataViewer.title":"Visualizza valore nel Visualizzatore dati","jupyter.command.jupyter.viewOutput.title":"Mostra output","jupyter.command.manageAccessToKernels":"Gestire l'accesso ai kernel Jupyter","jupyter.commandPalette.jupyter.replayPylanceLog.title":"Riproduzione log Pylance","jupyter.configuration.jupyter.addGotoCodeLenses.deprecationMessage":"Questa impostazione è stata deprecata e sostituita da jupyter.interactiveWindow.codeLens.enableGotoCell.","jupyter.configuration.jupyter.addGotoCodeLenses.description":"Dopo aver eseguito una cella, aggiungere un code lens 'Goto' alla cella. Nota: la disabilitazione di tutti i code lens disabilita anche questo.","jupyter.configuration.jupyter.allowUnauthorizedRemoteConnection.description":"Consente di connettere la finestra interattiva a un server Jupyter https che non dispone di certificati validi. Ciò può comportare un rischio per la sicurezza, pertanto va usato solo su server noti e attendibili.","jupyter.configuration.jupyter.askForKernelRestart.description":"Avvisare l'utente prima di riavviare un kernel.","jupyter.configuration.jupyter.askForLargeDataFrames.description":"Avvisare l'utente prima di tentare di aprire i frame di dati di grandi dimensioni.","jupyter.configuration.jupyter.codeLenses.deprecationMessage":"Questa impostazione è stata deprecata e sostituita da jupyter.interactiveWindow.codeLens.commands.","jupyter.configuration.jupyter.codeLenses.description":"Set di comandi da inserire come code lens sopra una cella.","jupyter.configuration.jupyter.codeRegularExpression.deprecationMessage":"Questa impostazione è stata deprecata e sostituita da jupyter.interactiveWindow.cellMarker.codeRegex.","jupyter.configuration.jupyter.codeRegularExpression.description":"Espressione regolare utilizzata per identificare le celle di codice. Tutto il codice fino alla corrispondenza successiva è considerato parte di questa cella.","jupyter.configuration.jupyter.completionTriggerCharacters.markdownDescription":"Mapping dei caratteri che attivano il completamento automatico in un linguaggio del kernel Jupyter. Di seguito è riportato un esempio di caratteri di trigger per i linguaggi kernel di tipo rust e julia:\n```json \n{\n  \"julia\": [\".\"],\n  \"rust\": [\".\",\":\"] \n}\n```","jupyter.configuration.jupyter.debugCodeLenses.deprecationMessage":"Questa impostazione è stata deprecata e sostituita da jupyter.interactiveWindow.codeLes.debugCommands.","jupyter.configuration.jupyter.debugCodeLenses.description":"Set di comandi di debug da inserire come code lens sopra una cella durante il debug.","jupyter.configuration.jupyter.debugJustMyCode.description":"Durante il debug, eseguire solo il codice scritto dall'utente. Disabilitare questa opzione per consentire l'esecuzione di istruzioni nel codice della libreria.","jupyter.configuration.jupyter.debugpyDistPath.description":"Percorso dei bit debugpy per il debug delle celle.","jupyter.configuration.jupyter.decorateCells.deprecationMessage":"Questa impostazione è stata deprecata e sostituita da jupyter.interactiveWindow.cellMarker.decorateCells.","jupyter.configuration.jupyter.decorateCells.description":"Disegnare un'evidenziazione dietro la cella attualmente attiva, o tutte le celle, in un file Python.","jupyter.configuration.jupyter.defaultCellMarker.deprecationMessage":"Questa impostazione è stata deprecata e sostituita da jupyter.interactiveWindow.cellMarker.default","jupyter.configuration.jupyter.defaultCellMarker.description":"Marcatore di cella usato per delineare una cella in un file python.","jupyter.configuration.jupyter.disableJupyterAutoStart.description":"Se true, disabilita l'avvio automatico di Jupyter. Per avviare Jupyter, è necessario eseguire una cella.","jupyter.configuration.jupyter.enableAutoMoveToNextCell.deprecationMessage":"Questa impostazione è stata deprecata e sostituita da jupyter.interactiveWindow.textEditor.autoMoveToNextCell.","jupyter.configuration.jupyter.enableAutoMoveToNextCell.description":"Consente di passare alla cella successiva quando si fa clic su un code lens \"Esegui cella\".","jupyter.configuration.jupyter.enableCellCodeLens.deprecationMessage":"Questa impostazione è stata deprecata e sostituita da jupyter.interactiveWindow.codeLens.enablecodeLens.","jupyter.configuration.jupyter.enableCellCodeLens.description":"Abilita code lens per 'cells' in un file Python.","jupyter.configuration.jupyter.enableExtendedKernelCompletions.deprecationMessage":"Questa impostazione è stata deprecata a favore di jupyter.enableExtendedPythonKernelCompletions.","jupyter.configuration.jupyter.enableExtendedKernelCompletions.markdownDescription":"Abilita il supporto Jedi per i completamenti IntelliSense estesi nei kernel Jupyter Python in esecuzione per Python (vedere questa [setting](https://ipython.readthedocs.io/en/stable/config/options/terminal.html?highlight=use_jedi#configtrait-Completer.use_jedi)). Ciò potrebbe avere un impatto notevole sulle prestazioni di esecuzione delle celle del notebook. Usare con cautela.","jupyter.configuration.jupyter.enableKernelCompletions.markdownDescription":"Abilita i completamenti del codice in Notebooks e Interactive Windows usando i risultati del kernel Jupyter associato.","jupyter.configuration.jupyter.excludeUserSitePackages.description":"Aggiungere PYTHONNOUSERSITE ai kernel prima dell'avvio. In questo modo si impedisce l'uso di pacchetti di sito globali/utente nella PYTHONPATH del kernel.","jupyter.configuration.jupyter.experiments.enabled.description":"Abilita/disabilita i test A/B.","jupyter.configuration.jupyter.experiments.optInto.markdownDescription":"Elenco di esperimenti a cui acconsentire esplicitamente. Se vuoto, all'utente vengono assegnati i gruppi di esperimenti predefiniti. [Learn more](https://github.com/microsoft/vscode-jupyter/wiki/Experiments).","jupyter.configuration.jupyter.experiments.optOutFrom.markdownDescription":"Elenco di esperimenti di cui rifiutare esplicitamente l'uso. Se vuoto, all'utente vengono assegnati i gruppi di esperimenti predefiniti. [Learn more](https://github.com/microsoft/vscode-jupyter/wiki/Experiments).","jupyter.configuration.jupyter.exportWithOutputEnabled.description":"Abilitare l'esportazione di un file python in un notebook jupyter ed eseguire tutte le celle quando si effettua questa operazione.","jupyter.configuration.jupyter.formatStackTraces.description":"Inserire i collegamenti stack frame nel traceback archiviato per il notebook.","jupyter.configuration.jupyter.interactiveWindowMode.deprecationMessage":"Questa impostazione è stata deprecata e sostituita da jupyter.interactiveWindow.creationMode.","jupyter.configuration.jupyter.interactiveWindowMode.description":"Comportamento della finestra interattiva. 'perFile' crea una nuova finestra interattiva per ogni file eseguito in una cella. 'single' consente la creazione di una singola finestra. 'multiple' consente la creazione di più finestre.","jupyter.configuration.jupyter.interactiveWindowViewColumn.deprecationMessage":"Questa impostazione è stata deprecata e sostituita da jupyter.interactiveWindow.viewColumn.","jupyter.configuration.jupyter.interactiveWindowViewColumn.description":"Dove aprire una finestra interattiva non associata a un file Python. 'beside' aprirà la finestra interattiva a destra dell'editor attivo. 'active' aprirà la finestra interattiva al posto dell'editor attivo. 'secondGroup' aprirà la finestra interattiva nel secondo gruppo di editor.","jupyter.configuration.jupyter.jupyterCommandLineArguments.description":"Se e quando viene avviato un server Jupyter, questi argomenti verranno passati all'interfaccia della riga di comando di Jupyter Notebook. Per impostazione predefinita, l’elenco viene generato dall'estensione Jupyter.","jupyter.configuration.jupyter.jupyterInterruptTimeout.description":"Tempo (in ms) di attesa di un interrupt prima di chiedere il riavvio del kernel Jupyter.","jupyter.configuration.jupyter.jupyterLaunchRetries.description":"Numero di tentativi di connessione al Jupyter Notebook","jupyter.configuration.jupyter.jupyterLaunchTimeout.description":"Tempo (in ms) di attesa per l'avvio del server Jupyter Notebook.","jupyter.configuration.jupyter.kernels.filter.markdownDescription":"Elenco di ambienti Python da escludere dalla selezione kernel.","jupyter.configuration.jupyter.kernels.trusted.markdownDescription":"Immettere i percorsi completi dei file di specifica del kernel che devono essere considerati attendibili. Ad esempio: 'C:\\Program Data\\Jupyter\\kernels\\python3\\kernel.json'.  \n**Nota**: i kernel possono eseguire codice con privilegi utente. Per ulteriori dettagli, fare clic su [qui](https://aka.ms/JupyterTrustedKernelPaths).","jupyter.configuration.jupyter.logKernelOutputSeparately.description":"Crea pannelli di output separati per l'output della console del server jupyter/kernel","jupyter.configuration.jupyter.logging.level.description":"Livello di registrazione a cui viene eseguito il log dell'estensione.","jupyter.configuration.jupyter.magicCommandsAsComments.deprecationMessage":"Questa impostazione è stata deprecata e sostituita da jupyter.interactiveWindow.textEditor.magicCommandsAsComments.","jupyter.configuration.jupyter.magicCommandsAsComments.description":"Rimuovere il commento delle assegnazioni della shell (#!), della chiave di riga (#!%) e della chiave della cella (#!%%) durante l'analisi delle celle di codice.","jupyter.configuration.jupyter.markdownRegularExpression.deprecationMessage":"Questa impostazione è stata deprecata e sostituita da jupyter.interactiveWindow.cellMarker.markdownRegex.","jupyter.configuration.jupyter.markdownRegularExpression.description":"Espressione regolare usata per identificare le celle markdown. Tutti i commenti dopo questa espressione vengono considerati parte del markdown.","jupyter.configuration.jupyter.newCellOnRunLast.deprecationMessage":"Questa impostazione è stata deprecata e sostituita da jupyter.interactiveWindow.textEditor.autoAddNewCell.","jupyter.configuration.jupyter.newCellOnRunLast.description":"Aggiungere una nuova cella vuota al file di una finestra interattiva durante l'esecuzione dell'ultima cella corrente.","jupyter.configuration.jupyter.normalizeSelectionForInteractiveWindow.description":"Il testo selezionato verrà normalizzato prima di essere eseguito nella finestra interattiva.","jupyter.configuration.jupyter.notebookFileRoot.description":"Impostare la directory radice per Jupyter Notebooks e la finestra interattiva in esecuzione in locale.  \n\n**Nota:** questo non si applica ai kernel Jupyter remoti.","jupyter.configuration.jupyter.pythonCellFolding.deprecationMessage":"Questa impostazione è stata deprecata e sostituita da jupyter.interactiveWindow.textEditor.cellFolding.","jupyter.configuration.jupyter.pythonCellFolding.description":"Abilita le aree di riduzione per le celle di codice nei file Python. Questa impostazione richiede un ricaricamento di VS Code.","jupyter.configuration.jupyter.pythonCompletionTriggerCharacters.deprecationMessage":"Questa impostazione è stata deprecata a favore di jupyter.completionTriggerCharacters.","jupyter.configuration.jupyter.pythonCompletionTriggerCharacters.description":"Caratteri che attivano il completamento automatico in un kernel python jupyter.","jupyter.configuration.jupyter.pythonExportMethod.description":"Metodo da usare per l'esportazione di un notebook in un file Python. 'direct' copierà il codice direttamente così com'è. 'commentMagics' commenterà le righe che iniziano con i comandi magic per le celle (%) e i comandi della shell (!). 'nbconvert' installerà nbconvert e lo userà per la conversione che può convertire la sintassi iPython in quella Python.","jupyter.configuration.jupyter.runStartupCommands.description":"Una serie di istruzioni Python o comandi magic iPython. Può essere una matrice di stringhe o una singola stringa con comandi separati da '\\n'. I comandi verranno eseguiti automaticamente ogni volta che viene caricata la finestra interattiva. Ad esempio, impostare su '%load_ext autoreload\\n%autoreload 2' per ricaricare automaticamente le modifiche apportate ai file importati senza dover riavviare la sessione interattiva.","jupyter.configuration.jupyter.sendSelectionToInteractiveWindow.deprecationMessage":"Questa impostazione è stata deprecata e sostituita da jupyter.interactiveWindow.textEditor.executeSelection.","jupyter.configuration.jupyter.sendSelectionToInteractiveWindow.description":"Quando si preme MAIUSC+INVIO, si invia il codice selezionato in un file Python alla finestra interattiva di Jupyter anziché al terminale Python.","jupyter.configuration.jupyter.showOutlineButtonInNotebookToolbar.description":"Mostra il pulsante Struttura sulla barra degli strumenti del notebook Jupyter.","jupyter.configuration.jupyter.showVariableViewWhenDebugging.description":"Visualizzare la visualizzazione variabile quando si avvia una sessione Esegui per riga.","jupyter.configuration.jupyter.splitRunFileIntoCells.description":"Un file eseguito nella finestra interattiva verrà eseguito in singole celle, se presenti.","jupyter.configuration.jupyter.stopOnFirstLineWhileDebugging.description":"Quando si esegue il debug di una cella, fermarsi alla prima riga.","jupyter.configuration.jupyter.themeMatplotlibPlots.description":"Nella finestra interattiva e nel tema dell'editor di Notebook gli output matplotlib corrispondono al tema dell'editor VS Code.","jupyter.configuration.jupyter.useDefaultConfigForJupyter.description":"Se si esegue Jupyter in locale, creare una configurazione di Jupyter vuota predefinita","jupyter.configuration.jupyter.variableExplorerExclude.description":"Tipi da escludere dalla visualizzazione in Esplora variabili interattive","jupyter.configuration.jupyter.widgetScriptSources.items.enumDescriptions.0":"Carica gli script del widget (javascript) da https://www.jsdelivr.com/","jupyter.configuration.jupyter.widgetScriptSources.items.enumDescriptions.1":"Carica gli script del widget (javascript) da https://unpkg.com/","jupyter.configuration.jupyter.widgetScriptSources.markdownDescription":"Definisce il percorso e l'ordine delle origini da cui vengono scaricati i file di script per i widget, ad esempio ipywidgest, bqplot, beakerx, ipyleaflet e così via. Se non si seleziona uno di questi elementi, il rendering o il funzionamento dei widget potrebbe non essere corretto. Per altre informazioni, vedere [here](https://aka.ms/PVSCIPyWidgets). Una volta aggiornato, è necessario riavviare il Kernel.","jupyter.debuggers.interactive":"Finestra interattiva Python","jupyter.debuggers.kernel":"Adattatore di debug del kernel Python","jupyter.notebookRenderer.Error.displayName":"Renderer errori Jupyter","jupyter.notebookRenderer.IPyWidget.displayName":"Renderer di Jupyter IPyWidget"}
