{"python.EnableREPLSmartSend.description":"Przełącz inteligentne wysyłanie dla okna REPL języka Python. Inteligentne wysyłanie umożliwia wysyłanie najmniejszego możliwego do uruchomienia bloku kodu do okna REPL za pomocą klawiszy Shift+Enter i odpowiednio przenosi kursor.","python.activeStateToolPath.description":"Ścieżka do pliku wykonywalnego Narzędzia stanu dla środowisk uruchomieniowych ActiveState (wersja 0.36+).","python.autoComplete.extraPaths.description":"Lista ścieżek do bibliotek, które muszą zostać zaimportowane przez aparat autouzupełnienia. Na przykład w przypadku korzystania z zestawu SDK Google App ścieżki nie znajdują się w ścieżce systemowej, dlatego należy je dodać do tej listy.","python.command.python.analysis.restartLanguageServer.title":"Uruchom ponownie serwer językowy","python.command.python.clearCacheAndReload.title":"Wyczyść pamięć podręczną i załaduj ponownie okno","python.command.python.clearWorkspaceInterpreter.title":"Wyczyść ustawienie interpretera obszaru roboczego","python.command.python.configureTests.title":"Konfiguruj testy","python.command.python.createEnvironment.title":"Stwórz środowisko...","python.command.python.createNewFile.title":"Nowy plik języka Python","python.command.python.createTerminal.title":"Utwórz terminal","python.command.python.enableSourceMapSupport.title":"Włącz obsługę mapy źródłowej na potrzeby debugowania rozszerzeń","python.command.python.execInDedicatedTerminal.title":"Uruchamianie pliku języka Python w dedykowanym terminalu","python.command.python.execInTerminal.title":"Uruchamianie pliku języka Python w terminalu","python.command.python.execInTerminalIcon.title":"Uruchom plik języka Python","python.command.python.execSelectionInDjangoShell.title":"Uruchom zaznaczenie/wiersz w powłoce Django","python.command.python.execSelectionInTerminal.title":"Uruchamianie zaznaczenia/wiersza w terminalu języka Python","python.command.python.installJupyter.title":"Instalowanie rozszerzenia projektu Jupyter","python.command.python.launchTensorBoard.title":"Uruchom TensorBoard","python.command.python.refreshTensorBoard.title":"Odśwież TensorBoard","python.command.python.reportIssue.title":"Zgłoś problem...","python.command.python.setInterpreter.title":"Wybierz interpretera","python.command.python.startREPL.title":"Uruchom program REPL","python.command.python.viewLanguageServerOutput.title":"Pokaż dane wyjściowe serwera języka","python.command.python.viewOutput.title":"Pokaż Dane Wyjściowe","python.command.testing.rerunFailedTests.title":"Uruchom ponownie testy zakończone niepowodzeniem","python.condaPath.description":"Ścieżka do pliku wykonywalnego Conda do użycia na potrzeby aktywacji (wersja 4.4 lub nowsza).","python.createEnvironment.contentButton.description":"Pokaż lub ukryj przycisk Utwórz środowisko w edytorze dla pliku „requirements.txt” lub innych plików zależności.","python.createEnvironment.trigger.description":"Wykrywanie, czy tworzenie środowiska jest wymagane dla bieżącego projektu","python.debugger.deprecatedMessage":"Ta konfiguracja zostanie wkrótce wycofana. Zamień słowo `python` na `debugpy`, aby użyć nowego rozszerzenia debugera języka Python.","python.defaultInterpreterPath.description":"Ścieżka do domyślnego języka Python, który ma być używany podczas ładowania rozszerzenia po raz pierwszy; nie jest już używany po wybraniu interpretera dla obszaru roboczego. Sprawdź [tutaj](https://aka.ms/AAfekmf), aby dowiedzieć się, kiedy jest to używane","python.diagnostics.sourceMapsEnabled.description":"Włącz obsługę mapy źródłowej dla znaczących śladów stosu w dziennikach błędów.","python.editor.context.submenu.runPython":"Uruchom język Python","python.editor.context.submenu.runPythonInteractive":"Uruchom w oknie Interactive","python.envFile.description":"Ścieżka bezwzględna do pliku zawierającego definicje zmiennych środowiskowych.","python.experiments.All.description":"Połączona lista wszystkich eksperymentów.","python.experiments.enabled.description":"Włącza eksperymenty testów A/B w rozszerzeniu języka Python. Jeśli ta opcja jest włączona, możesz nastąpić dołączenie Cię do proponowanych ulepszeń i/lub funkcji.","python.experiments.optInto.description":"Lista eksperymentów, do których chcesz się dołączyć. Jeśli wartość jest pusta, do użytkownika są przypisywane domyślne grupy eksperymentów. Aby uzyskać więcej informacji, zobacz [tutaj](https://github.com/microsoft/vscode-python/wiki/AB-Experiments).","python.experiments.optOutFrom.description":"Lista eksperymentów, z których chcesz zrezygnować. Jeśli wartość jest pusta, do użytkownika są przypisywane domyślne grupy eksperymentów. Aby uzyskać więcej informacji, zobacz [tutaj](https://github.com/microsoft/vscode-python/wiki/AB-Experiments).","python.experiments.pythonDiscoveryUsingWorkers.description":"Umożliwia użycie wątków roboczych w celu wykonywania bardzo dużych obliczeń podczas odnajdywania interpreterów.","python.experiments.pythonPromptNewToolsExt.description":"Oznacza eksperyment rozszerzenia o nowych narzędziach monitowania języka Python.","python.experiments.pythonREPLSmartSend.description":"Określa eksperyment inteligentnego wysyłania REPL języka Python.","python.experiments.pythonRecommendTensorboardExt.description":"Oznacza eksperyment rekomendacji rozszerzenia Tensorboard.","python.experiments.pythonSurveyNotification.description":"Oznacza eksperyment powiadomienia o ankiecie języka Python.","python.experiments.pythonTerminalEnvVarActivation.description":"Umożliwia aktywowanie terminali przy użyciu zmiennych środowiskowych zamiast wysyłania poleceń aktywacji.","python.experiments.pythonTestAdapter.description":"Określa eksperyment adaptera testowego języka Python.","python.globalModuleInstallation.description":"Określa, czy globalnie instalować moduły języka Python, gdy środowisko nie jest używane.","python.interpreter.infoVisibility.always.description":"Zawsze wyświetlaj informacje.","python.interpreter.infoVisibility.description":"Określa, kiedy wyświetlać informacje o wybranym interpreterze na pasku stanu.","python.interpreter.infoVisibility.never.description":"Nigdy nie wyświetlaj informacji.","python.interpreter.infoVisibility.onPythonRelated.description":"Wyświetlaj informacje tylko wtedy, gdy są otwarte pliki związane z językiem Python.","python.languageServer.defaultDescription":"Automatycznie wybierz serwer języka Pylance, jeśli jest zainstalowany i dostępny, w przeciwnym razie przełącz się do Jedi.","python.languageServer.description":"Definiuje typ serwera języka.","python.languageServer.jediDescription":"Użyj Jedi za protokołem Language Server Protocol (LSP) jako serwer języka.","python.languageServer.noneDescription":"Wyłącz możliwości serwera języka.","python.languageServer.pylanceDescription":"Użyj Pylance jako serwera języka.","python.logging.level.deprecation":"To ustawienie jest przestarzałe. Użyj polecenia „Deweloper: Ustaw poziom dziennika”, aby ustawić poziom rejestrowania.","python.logging.level.description":"Poziom rejestrowania, na którym jest rejestrowane rozszerzenie; wartość domyślna to „error”","python.menu.createNewFile.title":"Plik kodu Python","python.missingPackage.severity.description":"Ustaw ważność brakujących pakietów w pliku requirements.txt lub pyproject.toml","python.pipenvPath.description":"Ścieżka do pliku wykonywalnego pipenv do użycia na potrzeby aktywacji.","python.poetryPath.description":"Ścieżka do pliku wykonywalnego modułu poetry.","python.tensorBoard.logDirectory.deprecationMessage":"Obsługa Tensorboard została przeniesiona do rozszerzenia Tensorboard. Zamiast tego użyj ustawienia `tensorBoard.logDirectory`.","python.tensorBoard.logDirectory.description":"Ustaw to ustawienie na preferowany katalog dziennika TensorBoard, aby pominąć monit katalogu dziennika podczas uruchamiania pakietu TensorBoard.","python.tensorBoard.logDirectory.markdownDeprecationMessage":"Obsługa Tensorboard została przeniesiona do rozszerzenia [rozszerzenia Tensorboard](https://marketplace.visualstudio.com/items?itemName=ms-toolsai.tensorboard). Zamiast tego użyj ustawienia `tensorBoard.logDirectory`.","python.terminal.activateEnvInCurrentTerminal.description":"Aktywuj środowisko języka Python w bieżącym terminalu podczas ładowania rozszerzenia.","python.terminal.activateEnvironment.description":"Aktywuj środowisko języka Python we wszystkich utworzonych terminalach.","python.terminal.executeInFileDir.description":"Podczas wykonywania pliku w terminalu określa, czy użyć polecenia execute w katalogu pliku, a nie w bieżącym otwartym folderze.","python.terminal.focusAfterLaunch.description":"Podczas uruchamiania terminalu języka Python określa, czy należy umieścić kursor na terminalu.","python.terminal.launchArgs.description":"Argumenty uruchamiania języka Python do użycia podczas wykonywania pliku w terminalu.","python.testing.autoTestDiscoverOnSaveEnabled.description":"Włącz odnajdywanie testów automatycznego uruchamiania podczas zapisywania pliku testowego.","python.testing.cwd.description":"Opcjonalny katalog roboczy dla testów.","python.testing.debugPort.description":"Numer portu używany do debugowania testów.","python.testing.promptToConfigure.description":"Monituj o skonfigurowanie struktury testowej w przypadku odnalezienia potencjalnych katalogów testów.","python.testing.pytestArgs.description":"Przekazano argumenty. Każdy argument jest osobnym elementem w tablicy.","python.testing.pytestEnabled.description":"Włącz testowanie przy użyciu pytest.","python.testing.pytestPath.description":"Ścieżka do pytest (pytest); możesz użyć niestandardowej wersji pytest, modyfikując to ustawienie, aby uwzględnić pełną ścieżkę.","python.testing.unittestArgs.description":"Przekazano argumenty. Każdy argument jest osobnym elementem w tablicy.","python.testing.unittestEnabled.description":"Włącz testowanie przy użyciu unittest.","python.venvFolders.description":"Foldery w katalogu głównym do wyszukiwania środowisk wirtualnych (domyślnie obsługuje pyenv, direnv i virtualenvwrapper).","python.venvPath.description":"Ścieżka do folderu z listą środowisk wirtualnych (np. ~/.pyenv, ~/Envs, ~/.virtualenvs).","walkthrough.pythonDataScienceWelcome.description":"Pierwsze kroki, aby rozpocząć pracę z projektem środowiska Nauka o danych za pomocą języka Python!","walkthrough.pythonDataScienceWelcome.title":"Rozpoczynanie za pomocą języka Python dla środowiska Nauka o danych","walkthrough.pythonWelcome.description":"Pierwsze kroki do skonfigurowania projektu języka Python ze wszystkimi zaawansowanymi narzędziami i funkcjami, które rozszerzenie języka Python ma do zaoferowania!","walkthrough.pythonWelcome.title":"Rozpoczynanie za pomocą programowania w języku Python","walkthrough.step.python.createEnvironment.altText":"Tworzenie środowiska języka Python z palety poleceń","walkthrough.step.python.createEnvironment.description":"Utwórz środowisko dla projektu języka Python.\n[Create Environment](command:python.createEnvironment)\n**Porada**: uruchom polecenie ``Python: Create Environment`` w [Command Palette](command:workbench.action.showCommands).\n 🔍 Zapoznaj się z naszymi [docs](https://aka.ms/pythonenvs), aby dowiedzieć się więcej.","walkthrough.step.python.createEnvironment.description2":"Utwórz środowisko dla projektu języka Python lub użyj [Select Python Interpreter](command:python.setInterpreter), aby wybrać istniejące.\n[Create Environment](command:python.createEnvironment)\n**Porada**: Uruchom polecenie „Python: Create Environment” w [Command Palette](command:workbench.action.showCommands).","walkthrough.step.python.createEnvironment.title":"Tworzenie środowiska języka Python ","walkthrough.step.python.createEnvironment.title2":"Utwórz lub wybierz środowisko języka Python ","walkthrough.step.python.createNewNotebook.altText":"Tworzenie nowego notesu Jupyter","walkthrough.step.python.createNewNotebook.description":"Kliknij prawym przyciskiem myszy w Eksploratorze plików i utwórz nowy plik z rozszerzeniem .ipynb. Możesz też otworzyć [Command Palette](command:workbench.action.showCommands) i uruchomić polecenie \n``Jupyter: Create New Blank Notebook``.\n[Create new Jupyter Notebook](command:toSide:jupyter.createnewnotebook)\n Jeśli masz istniejący projekt, możesz także [open a folder](command:toSide:workbench.action.files.openFolder) i/lub sklonować projekt z usługi GitHub: [clone a Git repository](command:toSide:git.clone).","walkthrough.step.python.createNewNotebook.title":"Tworzenie lub otwieranie notesu Jupyter","walkthrough.step.python.createPythonFile.altText":"Otwórz plik lub folder języka Python za pomocą projektu języka Python.","walkthrough.step.python.createPythonFile.description":"[Open](command:toSide:workbench.action.files.openFile) lub [create](command:toSide:workbench.action.files.newUntitledFile?%7B%22languageId%22%3A%22python%22%7D) plik języka Python — pamiętaj, aby zapisać go z rozszerzeniem „.py”.\n[Create Python File](command:toSide:workbench.action.files.newUntitledFile?%7B%22languageId%22%3A%22python%22%7D)","walkthrough.step.python.createPythonFile.title":"Tworzenie pliku języka Python","walkthrough.step.python.createPythonFolder.description":"[Open](command:workbench.action.files.openFolder) lub utwórz folder projektu.\n[Open Project Folder](command:workbench.action.files.openFolder)","walkthrough.step.python.createPythonFolder.title":"Otwórz folder projektu języka Python","walkthrough.step.python.dataScienceLearnMore.altText":"Obraz przedstawiający naszą stronę dokumentacji i zasoby listy adresowej.","walkthrough.step.python.dataScienceLearnMore.description":"📒 Zapoznaj się z funkcjami [Jupyter extension](command:workbench.extensions.search?\" ms-toolsai.jupyter\"), wyszukując wyrażenia „Jupyter” w [Command Palette](command:workbench.action.showCommands). \n 🏃🏻 Dowiedz się więcej o funkcjach dzięki naszym [Tutorials](https://aka.ms/AAdjzpd).  \n[Learn more](https://aka.ms/AAdar6q)","walkthrough.step.python.dataScienceLearnMore.title":"Dowiedz się więcej!","walkthrough.step.python.installJupyterExt.altText":"Tworzenie nowego notesu Jupyter","walkthrough.step.python.installJupyterExt.description":"Jeśli jeszcze tego nie masz, zainstaluj [Jupyter extension](command:workbench.extensions.search?\" ms-toolsai.jupyter\"), aby w pełni korzystać ze środowisk notesów w edytorze VS Code!\n \n[Search Jupyter extension](command:workbench.extensions.search?\"ms-toolsai.jupyter\")","walkthrough.step.python.installJupyterExt.title":"Instalowanie rozszerzenia projektu Jupyter","walkthrough.step.python.installPythonLinux.description":"Rozszerzenie języka Python wymaga zainstalowania języka Python. Zainstaluj język Python 3 za pośrednictwem terminalu.\n[Install Python via terminal](command:python.installPythonOnLinux)\n","walkthrough.step.python.installPythonLinux.title":"Instalowanie języka Python","walkthrough.step.python.installPythonMac.description":"Rozszerzenie języka Python wymaga zainstalowania języka Python. Zainstaluj język Python 3 za pośrednictwem terminalu.\n[Install Python via Brew](command:python.installPythonOnMac)\n","walkthrough.step.python.installPythonMac.title":"Instalowanie języka Python","walkthrough.step.python.installPythonWin8.description":"Rozszerzenie języka Python wymaga zainstalowania języka Python. Zainstaluj język Python [from python.org](https://www.python.org/downloads).\n\n[Install Python](https://www.python.org/downloads)\n","walkthrough.step.python.installPythonWin8.title":"Instalowanie języka Python","walkthrough.step.python.learnMoreWithDS.altText":"Obraz przedstawiający naszą stronę dokumentacji i zasoby listy adresowej.","walkthrough.step.python.learnMoreWithDS.description":"🎨 Eksploruj wszystkie funkcje oferowane przez rozszerzenie języka Python, wyszukując wyrażenia „Python” w [Command Palette](command:workbench.action.showCommands). \n 📈 Dowiedz się więcej o rozpoczynaniu pracy za pomocą [data science](command:workbench.action.openWalkthrough?%7B%22category%22%3A%22ms-python.python%23pythonDataScienceWelcome%22%2C%22step%22%3A%22ms-python.python%23python.createNewNotebook%22%7D) w języku Python. \n ✨ Zapoznaj się z naszymi [Release Notes](https://aka.ms/AA8dxtb), aby dowiedzieć się więcej o najnowszych funkcjach. \n \n[Learn More](https://aka.ms/AA8dqti)","walkthrough.step.python.learnMoreWithDS.description2":"🎨 Eksploruj wszystkie funkcje oferowane przez rozszerzenie języka Python, wyszukując wyrażenia „Python” w [Command Palette](command:workbench.action.showCommands). \n 📈 Dowiedz się więcej o rozpoczynaniu pracy za pomocą [data science](command:workbench.action.openWalkthrough?%7B%22category%22%3A%22ms-python.python%23pythonDataScienceWelcome%22%2C%22step%22%3A%22ms-python.python%23python.createNewNotebook%22%7D) w języku Python. \n ✨ Zapoznaj się z naszymi [Release Notes](https://aka.ms/AA8dxtb), aby dowiedzieć się więcej o najnowszych funkcjach. \n \n[Follow along with the Python Tutorial](https://aka.ms/AA8dqti)","walkthrough.step.python.learnMoreWithDS.title":"Odkrywanie więcej zasobów:","walkthrough.step.python.openInteractiveWindow.altText":"Otwieranie okna Interactive języka Python","walkthrough.step.python.openInteractiveWindow.description":"Okno Interactive języka Python to powłoka języka Python, w której można wykonywać i wyświetlać wyniki kodu języka Python. Aby utworzyć komórki w pliku języka Python, wpisz ``#%%``.\n \nAby w dowolnym momencie otworzyć okno Interactive, otwórz [Command Palette](command:workbench.action.showCommands) i uruchom polecenie \n``Jupyter: Create Interactive Window``.\n[Open Interactive Window](command:jupyter.createnewinteractive)","walkthrough.step.python.openInteractiveWindow.title":"Otwieranie okna Interactive języka Python","walkthrough.step.python.runAndDebug.altText":"Jak uruchamiać i debugować w edytorze VS Code za pomocą klawisza F5 lub przycisku odtwarzania znajdującego się w prawym górnym rogu.","walkthrough.step.python.runAndDebug.description":"Otwórz plik języka Python i kliknij przycisk odtwarzania w prawym górnym rogu edytora lub naciśnij klawisz F5, gdy znajdujesz się na pliku i wybierz pozycję „Plik języka Python”, aby uruchomić za pomocą debugera. \n  \n[Learn more](https://code.visualstudio.com/docs/python/python-tutorial#_run-hello-world)","walkthrough.step.python.runAndDebug.title":"Uruchamianie i debugowanie pliku języka Python","walkthrough.step.python.selectInterpreter.altText":"Wybieranie interpretera języka Python z paska stanu","walkthrough.step.python.selectInterpreter.description":"Wybierz interpreter/środowisko języka Python, które ma być używane dla projektu języka Python.\n[Select Python Interpreter](command:python.setInterpreter)\n**Porada**: uruchom polecenie ``Python: Select Interpreter`` w [Command Palette](command:workbench.action.showCommands).","walkthrough.step.python.selectInterpreter.title":"Wybieranie interpretera języka Python"}
