{"python.EnableREPLSmartSend.description":"Alterne o Envio Inteligente para o REPL do Python. O Envio Inteligente permite enviar o menor bloco de código executável para o REPL em Shift + Enter e move o cursor de acordo.","python.activeStateToolPath.description":"Caminho para o executável State Tool para tempos de execução do ActiveState (versão 0.36+).","python.autoComplete.extraPaths.description":"Lista de caminhos para bibliotecas e semelhantes que precisam ser importados pelo mecanismo de preenchimento automático. Por exemplo, ao usar o SDK do Google App, os caminhos não estão no caminho do sistema, portanto, precisam ser adicionados a esta lista.","python.command.python.analysis.restartLanguageServer.title":"Reiniciar o Servidor de Linguagem","python.command.python.clearCacheAndReload.title":"Limpar Cache e Recarregar Janela","python.command.python.clearWorkspaceInterpreter.title":"Limpar a Configuração do Interpretador do Espaço de Trabalho","python.command.python.configureTests.title":"Configurar Testes","python.command.python.createEnvironment.title":"Criar Ambiente...","python.command.python.createNewFile.title":"Novo Arquivo do Python","python.command.python.createTerminal.title":"Criar Terminal","python.command.python.enableSourceMapSupport.title":"Habilitar o Suporte ao SourceMap para Depuração da Extensão","python.command.python.execInDedicatedTerminal.title":"Executar Arquivo Python no Terminal Dedicado","python.command.python.execInTerminal.title":"Executar o Arquivo do Python no Terminal","python.command.python.execInTerminalIcon.title":"Executar Arquivo do Python","python.command.python.execSelectionInDjangoShell.title":"Executar a Seleção/Linha no Shell do Django","python.command.python.execSelectionInTerminal.title":"Executar a Seleção/Linha no Terminal do Python","python.command.python.installJupyter.title":"Instalar a extensão do Jupyter","python.command.python.launchTensorBoard.title":"Iniciar Tensorboard","python.command.python.refreshTensorBoard.title":"Atualizar o TensorBoard","python.command.python.reportIssue.title":"Relatar um Problema...","python.command.python.setInterpreter.title":"Selecionar Interpretador","python.command.python.startREPL.title":"Iniciar REPL","python.command.python.viewLanguageServerOutput.title":"Mostrar a Saída do Servidor de Linguagem","python.command.python.viewOutput.title":"Mostrar Saída","python.command.testing.rerunFailedTests.title":"Executar Novamente os Testes com Falha","python.condaPath.description":"Caminho para o executável do Conda a ser usado para ativação (versão 4.4+).","python.createEnvironment.contentButton.description":"Mostre ou oculte o botão Criar ambiente no editor para `requirements.txt` ou outros arquivos de dependência.","python.createEnvironment.trigger.description":"Detectar se a criação de ambiente é necessária para o projeto atual","python.debugger.deprecatedMessage":"Essa configuração será preterida em breve. Substitua \"python\" por \"debugpy\" para usar a nova extensão do Depurador do Python.","python.defaultInterpreterPath.description":"Caminho para Python padrão a ser usado quando a extensão é carregada pela primeira vez, não é mais usado quando um interpretador é selecionado para o espaço de trabalho. Veja [aqui](https://aka.ms/AAfekmf) para entender quando isso é usado","python.diagnostics.sourceMapsEnabled.description":"Habilite suporte para source map para rastreamentos de pilha significativos em logs de erros.","python.editor.context.submenu.runPython":"Executar Python","python.editor.context.submenu.runPythonInteractive":"Executar em Janela interativa","python.envFile.description":"Caminho absoluto para um arquivo que contém as definições de variável de ambiente.","python.experiments.All.description":"Lista combinada de todos os experimentos.","python.experiments.enabled.description":"Habilita experimentos de testes A/B na extensão do Python. Se habilitado, você poderá ser incluído em aprimoramentos e/ou recursos propostos.","python.experiments.optInto.description":"Lista de experimentos para participar. Se estiver vazio, o usuário receberá os grupos experimentais padrão. Consulte [aqui](https://github.com/microsoft/vscode-python/wiki/AB-Experiments) para mais detalhes.","python.experiments.optOutFrom.description":"Lista de experimentos para desativar. Se estiver vazio, o usuário receberá os grupos experimentais padrão. Consulte [aqui](https://github.com/microsoft/vscode-python/wiki/AB-Experiments) para obter mais detalhes.","python.experiments.pythonDiscoveryUsingWorkers.description":"Permite o uso de threads de trabalho para realizar cálculos pesados ao descobrir interpretadores.","python.experiments.pythonPromptNewToolsExt.description":"Denota o experimento Python Prompt New Tools Extension.","python.experiments.pythonREPLSmartSend.description":"Denota o experimento Python REPL Smart Send.","python.experiments.pythonRecommendTensorboardExt.description":"Indica o experimento de recomendação da Extensão Tensorboard.","python.experiments.pythonSurveyNotification.description":"Denota o experimento Python Survey Notification.","python.experiments.pythonTerminalEnvVarActivation.description":"Habilite o uso de variáveis de ambiente para ativar terminais em vez de enviar comandos de ativação.","python.experiments.pythonTestAdapter.description":"Denota o experimento Python Test Adapter.","python.globalModuleInstallation.description":"Se os módulos do Python devem ser instalados globalmente quando não estiverem usando um ambiente.","python.interpreter.infoVisibility.always.description":"Sempre exibir informações.","python.interpreter.infoVisibility.description":"Controla quando exibir informações do interpretador selecionado na barra de status.","python.interpreter.infoVisibility.never.description":"Nunca exibir informações.","python.interpreter.infoVisibility.onPythonRelated.description":"Exibir informações somente se arquivos relacionados ao Python forem abertos.","python.languageServer.defaultDescription":"Selecione automaticamente um servidor de linguagem: Pylance, se instalado e disponível, caso contrário, faça fallback para Jedi.","python.languageServer.description":"Define o tipo do servidor de linguagem.","python.languageServer.jediDescription":"Use o Jedi por trás do protocolo LSP (Language Server Protocol) como um servidor de linguagem.","python.languageServer.noneDescription":"Desabilitar recursos do servidor de linguagem.","python.languageServer.pylanceDescription":"Use Pylance como um servidor de linguagem.","python.logging.level.deprecation":"Esta configuração está obsoleta. Use o comando `Desenvolvedor: Definir nível de registro...` para definir o nível de registro.","python.logging.level.description":"O nível de log no qual a extensão faz logon, o padrão é 'error'","python.menu.createNewFile.title":"Arquivo Python","python.missingPackage.severity.description":"Definir a severidade dos pacotes ausentes em requirements.txt ou pyproject.toml","python.pipenvPath.description":"Caminho para o executável pipenv a ser usado para ativação.","python.poetryPath.description":"Caminho para o executável poetry.","python.tensorBoard.logDirectory.deprecationMessage":"O suporte do Tensorboard foi movido para a extensão Tensorboard de extensão. Em vez disso, use a configuração “tensorBoard.logDirectory”.","python.tensorBoard.logDirectory.description":"Defina esta configuração para o diretório de log do TensorBoard preferencial para ignorar o prompt de diretório de log ao iniciar o TensorBoard.","python.tensorBoard.logDirectory.markdownDeprecationMessage":"O suporte do Tensorboard foi movido para a extensão [extensão do Tensorboard](https://marketplace.visualstudio.com/items?itemName=ms-toolsai.tensorboard). Em vez disso, use a configuração “tensorBoard.logDirectory”.","python.terminal.activateEnvInCurrentTerminal.description":"Ativar o Ambiente Python no Terminal atual ao carregar a Extensão.","python.terminal.activateEnvironment.description":"Ative o ambiente Python em todos os terminais criados.","python.terminal.executeInFileDir.description":"Ao executar um arquivo no terminal, se deve ser executado no diretório do arquivo, em vez da pasta aberta atual.","python.terminal.focusAfterLaunch.description":"Ao iniciar um terminal python, se deve focar o cursor no terminal.","python.terminal.launchArgs.description":"Argumentos de inicialização do Python a serem usados ao executar um arquivo no terminal.","python.testing.autoTestDiscoverOnSaveEnabled.description":"Habilite a descoberta de teste de execução automática ao salvar um arquivo de teste.","python.testing.cwd.description":"Diretório de trabalho opcional para testes.","python.testing.debugPort.description":"Número da porta usado para depuração de testes.","python.testing.promptToConfigure.description":"Solicitar a configuração de uma estrutura de teste se os diretórios de testes potenciais estiverem descobertos.","python.testing.pytestArgs.description":"Argumentos passados. Cada argumento é um item separado na matriz.","python.testing.pytestEnabled.description":"Habilitar teste usando pytest.","python.testing.pytestPath.description":"Caminho para o pytest (pytest). Você pode usar uma versão personalizada do pytest, modificando esta configuração para incluir o caminho completo.","python.testing.unittestArgs.description":"Argumentos passados. Cada argumento é um item separado na matriz.","python.testing.unittestEnabled.description":"Habilitar o teste usando unittest.","python.venvFolders.description":"Pastas em seu diretório base para procurar ambientes virtuais (dá suporte a pyenv, direnv e virtualenvwrapper por padrão).","python.venvPath.description":"Caminho para a pasta com uma lista de Ambientes Virtuais (por exemplo, ~/.pyenv, ~/Envs, ~/.virtualenvs).","walkthrough.pythonDataScienceWelcome.description":"Suas primeiras etapas para começar um projeto de Ciência de Dados com o Python!","walkthrough.pythonDataScienceWelcome.title":"Introdução ao Python para Ciência de Dados","walkthrough.pythonWelcome.description":"Suas primeiras etapas para configurar um projeto Python com todas as ferramentas e recursos avançados que a extensão do Python tem a oferecer!","walkthrough.pythonWelcome.title":"Introdução ao Desenvolvimento do Python","walkthrough.step.python.createEnvironment.altText":"Criando um ambiente do Python a partir da Paleta de Comandos","walkthrough.step.python.createEnvironment.description":"Crie um ambiente para seu projeto Python.\n[Criar Ambiente](command:python.createEnvironment)\n**Dica**: execute o comando ''Python: Criar Ambiente'' na [Paleta de Comandos](command:workbench.action.showCommands).\n 🔍 Confira nosso [docs](https://aka.ms/pythonenvs) para saber mais.","walkthrough.step.python.createEnvironment.description2":"Criar um ambiente para seu projeto Python ou usar [Selecionar Interpretador do Python](command:python.setInterpreter) para selecionar um existente.\n[Criar ambiente](command:python.createEnvironment)\n**Dica**: execute o comando ''Python: Criar Ambiente'' na [Paleta de comandos](command:workbench.action.showCommands).","walkthrough.step.python.createEnvironment.title":"Criar um ambiente do Python ","walkthrough.step.python.createEnvironment.title2":"Criar ou selecionar um ambiente do Python","walkthrough.step.python.createNewNotebook.altText":"Criando um novo Jupyter Notebook","walkthrough.step.python.createNewNotebook.description":"Clique com o botão direito do mouse no explorador de arquivos e crie um novo arquivo com uma extensão .ipynb. Ou abra a [Paleta de Comandos](command:workbench.action.showCommands) e execute o comando \n``Create: New Jupyter Notebook``.\n[Criar novo Jupyter Notebook](command:toSide:ipynb.newUntitledIpynb)\n Se você tiver um projeto existente, você também pode [abrir uma pasta](command:toSide:workbench.action.files.openFolder) e/ou clone um projeto do GitHub: [clone um repositório Git](command:toSide:git.clone).","walkthrough.step.python.createNewNotebook.title":"Criar ou abrir um Jupyter Notebook","walkthrough.step.python.createPythonFile.altText":"Abra um arquivo Python ou uma pasta com um projeto do Python.","walkthrough.step.python.createPythonFile.description":"[Abrir](command:toSide:workbench.action.files.openFile) ou [criar](command:toSide:workbench.action.files.newUntitledFile?%7B%22languageId%22%3A%22python%22%7D) um arquivo Python. Certifique-se de salvá-lo como \".py\".\n[Criar arquivo Python](command:toSide:workbench.action.files.newUntitledFile?%7B%22languageId%22%3A%22python%22%7D)","walkthrough.step.python.createPythonFile.title":"Criar um arquivo Python","walkthrough.step.python.createPythonFolder.description":"[Abrir](command:workbench.action.files.openFolder) ou criar uma pasta de projeto.\n[Abrir Pasta de projeto](command:workbench.action.files.openFolder)","walkthrough.step.python.createPythonFolder.title":"Abrir uma pasta de projeto do Python","walkthrough.step.python.dataScienceLearnMore.altText":"Imagem representando nossa página de documentação e recursos da lista de endereçamento.","walkthrough.step.python.dataScienceLearnMore.description":"📒 Dê uma olhada na [extensão do Jupyter] (command:workbench.extensions.search?\" Recursos ms-toolsai.jupyter\"), procurando por \"Jupyter\" na [Paleta de Comandos](command:workbench.action.showCommands). \n🏃🏻 Descubra mais recursos em nossos [Tutoriais](https://aka.ms/AAdjzpd).  \n[Saiba mais](https://aka.ms/AAdar6q)","walkthrough.step.python.dataScienceLearnMore.title":"Saiba mais!","walkthrough.step.python.installJupyterExt.altText":"Criando um novo Jupyter Notebook","walkthrough.step.python.installJupyterExt.description":"Se você ainda não tiver instalado, instale a [extensão do Jupyter](command:workbench.extensions.search?\" ms-toolsai.jupyter\") para aproveitar ao máximo as experiências dos notebooks no VS Code!\n \n[Pesquisar extensão do Jupyter](command:workbench.extensions.search?\" ms-toolsai.jupyter\")","walkthrough.step.python.installJupyterExt.title":"Instalar extensão do Jupyter","walkthrough.step.python.installPythonLinux.description":"A Extensão do Python requer que o Python seja instalado. Instale o Python 3 por meio do terminal.\n[Instalar o Python por meio do terminal](command:python.installPythonOnLinux)\n","walkthrough.step.python.installPythonLinux.title":"Instalar Python","walkthrough.step.python.installPythonMac.description":"A Extensão do Python requer que o Python seja instalado. Instale o Python 3 por meio do terminal.\n[Instalar o Python por meio do terminal](command:python.installPythonOnMac)\n","walkthrough.step.python.installPythonMac.title":"Instalar Python","walkthrough.step.python.installPythonWin8.description":"A Extensão do Python requer que o Python seja instalado. Instalar [de python.org](https://www.python.org/downloads).\n\n[Instalar Python](https://www.python.org/downloads)\n","walkthrough.step.python.installPythonWin8.title":"Instalar Python","walkthrough.step.python.learnMoreWithDS.altText":"Imagem representando nossa página de documentação e recursos da lista de endereçamento.","walkthrough.step.python.learnMoreWithDS.description":"🎨 Explore todos os recursos que a extensão do Python tem a oferecer procurando por \"Python\" na [Paleta de Comandos](command:workbench.action.showCommands). \n 📈 Saiba mais sobre como começar a usar a [ciência de dados](command:workbench.action.openWalkthrough?%7B%22category%22%3A%22ms-python.python%23pythonDataScienceWelcome%22%2C%22step%22%3A%22ms-python.python%23python.createNewNotebook%22%7D) no Python. \n ✨ Dê uma olhada em nossas [Notas sobre a versão](https://aka.ms/AA8dxtb) para saber mais sobre os recursos mais recentes. \n \n[Saiba Mais](https://aka.ms/AA8dqti)","walkthrough.step.python.learnMoreWithDS.description2":"🎨 Explore todos os recursos que a extensão Python tem a oferecer procurando por \"Python\" na [Paleta de Comandos](command:workbench.action.showCommands). \n📈 Saiba mais sobre como começar com [ciência de dados](command:workbench.action.openWalkthrough?%7B%22category%22%3A%22ms-python.python%23pythonDataScienceWelcome%22%2C%22step%22%3A%22ms-python.python%23python.createNewNotebook%22%7D) no Python. \n ✨ Dê uma olhada em nossas [Notas sobre a versão](https://aka.ms/AA8dxtb) para saber mais sobre os recursos mais recentes. \n \n[Acompanhe o tutorial do Python](https://aka.ms/AA8dqti)","walkthrough.step.python.learnMoreWithDS.title":"Explorar mais recursos:","walkthrough.step.python.openInteractiveWindow.altText":"Abrindo a janela interativa do Python","walkthrough.step.python.openInteractiveWindow.description":"A Janela Interativa do Python é um shell do Python no qual você pode executar e exibir os resultados do código Python. Você pode criar células em um arquivo Python digitando ``#%%``.\n \nPara abrir a janela interativa a qualquer momento, abra a [Paleta de Comandos](command:workbench.action.showCommands) e execute o comando \n``Jupyter: Criar Janela Interativa``.\n[Abrir Janela Interativa](command:jupyter.createnewinteractive)","walkthrough.step.python.openInteractiveWindow.title":"Abrir a Janela Interativa do Python","walkthrough.step.python.runAndDebug.altText":"Como executar e depurar em VS Code com F5 ou o botão reproduzir no canto superior direito.","walkthrough.step.python.runAndDebug.description":"Abra o arquivo Python e clique no botão reproduzir na parte superior direita do editor ou pressione F5 quando estiver no arquivo e selecione \"Arquivo Python\" para executar com o depurador. \n  \n[Saiba mais](https://code.visualstudio.com/docs/python/python-tutorial#_run-hello-world)","walkthrough.step.python.runAndDebug.title":"Executar e depurar o arquivo Python","walkthrough.step.python.selectInterpreter.altText":"Selecionando um interpretador do Python na barra de status","walkthrough.step.python.selectInterpreter.description":"Escolha qual interpretador/ambiente do Python você deseja usar para seu projeto Python.\n[Selecionar Interpretador Python](command:python.setInterpreter)\n**Dica**: execute o comando ''Python: Selecionar Interpretador'' na [Paleta de Comandos](command:workbench.action.showCommands).","walkthrough.step.python.selectInterpreter.title":"Selecionar um Interpretador do Python"}
