{"python.EnableREPLSmartSend.description":"Schalten Sie Smart Send für die Python-REPL um. Smart Send ermöglicht mit UMSCHALT+EINGABETASTE das Senden des kleinsten ausführbaren Codeblocks an die REPL und verschiebt den Cursor entsprechend.","python.activeStateToolPath.description":"Pfad zur ausführbaren State Tool-Datei für ActiveState-Laufzeiten (Version 0.36 und höher).","python.autoComplete.extraPaths.description":"Liste der Pfade zu Bibliotheken und ähnlichem, die von der Engine für die automatische Vervollständigung importiert werden müssen. Wenn z. B. das Google App SDK verwendet wird, befinden sich die Pfade nicht im Systempfad und müssen daher dieser Liste hinzugefügt werden.","python.command.python.analysis.restartLanguageServer.title":"Sprachserver neu starten","python.command.python.clearCacheAndReload.title":"Fenster \"Cache löschen und neu laden\"","python.command.python.clearWorkspaceInterpreter.title":"Löschen Sie die Workspace Interpreter-Einstellung","python.command.python.configureTests.title":"Tests konfigurieren","python.command.python.createEnvironment.title":"Umgebung erstellen...","python.command.python.createNewFile.title":"Neue Python-Datei","python.command.python.createTerminal.title":"Terminal erstellen","python.command.python.enableSourceMapSupport.title":"Aktivieren Sie die Quellzuordnungsunterstützung für das Debuggen von Erweiterungen","python.command.python.execInDedicatedTerminal.title":"Ausführen einer Python-Datei im dedizierten Terminal","python.command.python.execInTerminal.title":"Führen Sie die Python-Datei im Terminal aus","python.command.python.execInTerminalIcon.title":"Führen Sie die Python-Datei aus","python.command.python.execSelectionInDjangoShell.title":"Führen Sie Selection/Line in Django Shell aus","python.command.python.execSelectionInTerminal.title":"Führen Sie Selection/Line im Python-Terminal aus","python.command.python.installJupyter.title":"Jupyter-Erweiterung installieren","python.command.python.launchTensorBoard.title":"Starten Sie TensorBoard","python.command.python.refreshTensorBoard.title":"Aktualisieren Sie TensorBoard","python.command.python.reportIssue.title":"Problem melden...","python.command.python.setInterpreter.title":"Interpreter auswählen","python.command.python.startREPL.title":"ERSATZ starten","python.command.python.viewLanguageServerOutput.title":"Ausgabe des Sprachservers anzeigen","python.command.python.viewOutput.title":"Ausgabe Anzeigen","python.command.testing.rerunFailedTests.title":"Fehlerhafte Tests erneut ausführen","python.condaPath.description":"Pfad zur ausführbaren Conda-Datei, die für die Aktivierung verwendet werden soll (Version 4.4 und höher).","python.createEnvironment.contentButton.description":"Blendet die Schaltfläche „Umgebung erstellen\" im Editor für „requirements.txt\" oder andere Abhängigkeitsdateien ein oder aus.","python.createEnvironment.trigger.description":"Hiermit wird erkannt, ob die Umgebungserstellung für das aktuelle Projekt erforderlich ist.","python.debugger.deprecatedMessage":"Diese Konfiguration wird in Kürze eingestellt. Ersetzen Sie ‘python‘ durch ‘debugpy‘, um die neue Python-Debugger-Erweiterung zu verwenden.","python.defaultInterpreterPath.description":"Pfad zum Standard-Python, der verwendet wird, wenn die Erweiterung zum ersten Mal geladen wird. Er wird nicht mehr verwendet, sobald ein Interpreter für den Arbeitsbereich ausgewählt wurde. Siehe [hier](https://aka.ms/AAfekmf), um zu verstehen, wann dies verwendet wird.","python.diagnostics.sourceMapsEnabled.description":"Quellzuordnungsunterstützung für aussagekräftige Stapelüberwachungen in Fehlerprotokollen.","python.editor.context.submenu.runPython":"Python ausführen","python.editor.context.submenu.runPythonInteractive":"In Interactive-Fenster ausführen","python.envFile.description":"Absoluter Pfad zu einer Datei mit Umgebungsvariablendefinitionen.","python.experiments.All.description":"Kombinierte Liste aller Experimente.","python.experiments.enabled.description":"Aktiviert A/B-Testexperimente in der Python-Erweiterung. Falls aktiviert, werden Sie möglicherweise in vorgeschlagene Verbesserungen und/oder Funktionen einbezogen.","python.experiments.optInto.description":"Liste der Experimente, für welche eine Anmeldung erfolgen soll. Wenn leer, wird dem Benutzer die Standardexperimentgruppe zugewiesen. Weitere Informationen finden Sie [hier](https://github.com/microsoft/vscode-python/wiki/AB-Experiments).","python.experiments.optOutFrom.description":"Liste der Experimente, für welche eine Abmeldung erfolgen soll. Wenn leer, wird dem Benutzer die Standardexperimentgruppe zugewiesen. Weitere Informationen finden Sie [hier](https://github.com/microsoft/vscode-python/wiki/AB-Experiments).","python.experiments.pythonDiscoveryUsingWorkers.description":"Ermöglicht die Verwendung von Arbeitsthreads für umfangreiche Berechnungen beim Ermitteln von Interpretern.","python.experiments.pythonPromptNewToolsExt.description":"Bezeichnet das Experiment Python Prompt New Tools Extension.","python.experiments.pythonREPLSmartSend.description":"Bezeichnet das Python REPL Smart Send-Experiment.","python.experiments.pythonRecommendTensorboardExt.description":"Bezeichnet das Empfehlungsexperiment \"Tensorboard-Erweiterung\".","python.experiments.pythonSurveyNotification.description":"Bezeichnet das Experiment Python Survey Notification.","python.experiments.pythonTerminalEnvVarActivation.description":"Ermöglicht die Verwendung von Umgebungsvariablen zum Aktivieren von Terminals, anstatt Aktivierungsbefehle zu senden.","python.experiments.pythonTestAdapter.description":"Bezeichnet das Python-Testadapterexperiment.","python.globalModuleInstallation.description":"Gibt an, ob Python-Module global installiert werden sollen, wenn keine Umgebung verwendet wird.","python.interpreter.infoVisibility.always.description":"Immer Informationen anzeigen.","python.interpreter.infoVisibility.description":"Kontrolliert, wann Informationen des ausgewählten Interpreters in der Statusleiste angezeigt werden.","python.interpreter.infoVisibility.never.description":"Niemals Informationen anzeigen.","python.interpreter.infoVisibility.onPythonRelated.description":"Informationen nur anzeigen, wenn Python-bezogene Dateien geöffnet werden.","python.languageServer.defaultDescription":"Automatisch einen Sprachserver auswählen: Pylance, falls installiert und verfügbar, andernfalls Fallback auf Jedi.","python.languageServer.description":"Definiert den Typ des Sprachservers.","python.languageServer.jediDescription":"Jedi hinter dem Sprachserverprotokoll (LSP) als Sprachserver verwenden.","python.languageServer.noneDescription":"Sprachserverfunktionen deaktivieren.","python.languageServer.pylanceDescription":"Pylance als Sprachserver verwenden.","python.logging.level.deprecation":"Diese Einstellung ist veraltet. Verwenden Sie den Befehl \"Developer: Set Log Level...\", um den Protokolliergrad festzulegen.","python.logging.level.description":"Der Protokolliergrad, auf dem die Erweiterung protokolliert wird. Der Standardwert ist „error“.","python.menu.createNewFile.title":"Python-Datei","python.missingPackage.severity.description":"Festlegen des Schweregrads fehlender Pakete in \"requirements.txt\" oder \"pyproject.toml\"","python.pipenvPath.description":"Pfad zur ausführbaren Pipenv-Datei, die für die Aktivierung verwendet werden soll.","python.poetryPath.description":"Pfad zur ausführbaren Poetry-Datei.","python.tensorBoard.logDirectory.deprecationMessage":"Die Tensorboard-Unterstützung wurde in die Erweiterung \"Tensorboard-Erweiterung\" verschoben. Verwenden Sie stattdessen die Einstellung \"tensorBoard.logDirectory\".","python.tensorBoard.logDirectory.description":"Legen Sie diese Einstellung auf Ihr bevorzugtes TensorBoard-Protokollverzeichnis fest, um die Aufforderung für das Protokollverzeichnis beim Starten von TensorBoard zu überspringen.","python.tensorBoard.logDirectory.markdownDeprecationMessage":"Die Tensorboard-Unterstützung wurde in die Erweiterung [Tensorboard-Erweiterung](https://marketplace.visualstudio.com/items?itemName=ms-toolsai.tensorboard) verschoben. Verwenden Sie stattdessen die Einstellung \"tensorBoard.logDirectory\".","python.terminal.activateEnvInCurrentTerminal.description":"Python-Umgebung im aktuellen Terminal beim Laden der Erweiterung aktivieren.","python.terminal.activateEnvironment.description":"Aktivieren Sie die Python-Umgebung in allen erstellten Terminals.","python.terminal.executeInFileDir.description":"Gibt beim Ausführen einer Datei im Terminal an, ob die Ausführung im Verzeichnis der Datei anstelle des aktuell geöffneten Ordners erfolgen soll.","python.terminal.focusAfterLaunch.description":"Gibt beim Starten eines Python-Terminals an, ob der Cursor auf dem Terminal fokussiert werden soll.","python.terminal.launchArgs.description":"Python-Startargumente, die beim Ausführen einer Datei im Terminal verwendet werden sollen.","python.testing.autoTestDiscoverOnSaveEnabled.description":"Automatische Testermittlung beim Speichern einer Testdatei aktivieren.","python.testing.cwd.description":"Optionales Arbeitsverzeichnis für Tests.","python.testing.debugPort.description":"Portnummer, die zum Debuggen von Tests verwendet wird.","python.testing.promptToConfigure.description":"Aufforderung zum Konfigurieren eines Testframeworks, wenn potenzielle Testverzeichnisse ermittelt werden.","python.testing.pytestArgs.description":"Übergebene Argumente. Jedes Argument ist ein separates Element im Array.","python.testing.pytestEnabled.description":"Tests mit pytest aktivieren.","python.testing.pytestPath.description":"Pfad zu pytest (pytest). Sie können eine benutzerdefinierte Version von pytest verwenden, indem Sie diese Einstellung ändern, um den vollständigen Pfad einzuschließen.","python.testing.unittestArgs.description":"Übergebene Argumente. Jedes Argument ist ein separates Element im Array.","python.testing.unittestEnabled.description":"Tests mithilfe von unittest aktivieren.","python.venvFolders.description":"Ordner in Ihrem Basisverzeichnis für die Suche nach virtuellen Umgebungen (unterstützt standardmäßig pyenv, direnv und virtualenvwrapper).","python.venvPath.description":"Pfad zum Ordner mit einer Liste virtueller Umgebungen (z. B. ~/.pyenv, ~/Envs, ~/.virtualenvs).","walkthrough.pythonDataScienceWelcome.description":"Ihre ersten Schritte beim Start eines Data Science-Projekts mit Python!","walkthrough.pythonDataScienceWelcome.title":"Erste Schritte mit Python für Data Science","walkthrough.pythonWelcome.description":"Ihre ersten Schritte beim Einrichten eines Python-Projekts mit allen leistungsstarken Tools und Features, die die Python-Erweiterung zu bieten hat!","walkthrough.pythonWelcome.title":"Erste Schritte mit Python Development","walkthrough.step.python.createEnvironment.altText":"Python-Umgebung über die Befehlspalette erstellen","walkthrough.step.python.createEnvironment.description":"Erstellen Sie eine Umgebung für Ihr Python-Projekt.\n[Umgebung erstellen](command:python.createEnvironment)\n **Tipp**: Führen Sie den Befehl \"Python: Umgebung erstellen\" in der [Befehlspalette](command:workbench.action.showCommands) aus.\n 🔍Weitere Informationen finden Sie in unserer [Dokumentation](https://aka.ms/pythonenvs).","walkthrough.step.python.createEnvironment.description2":"Erstellen Sie eine Umgebung für Ihr Python-Projekt oder verwenden Sie [Python-Interpreter auswählen](Befehl:python.setInterpreter), um einen vorhandenen Interpreter auszuwählen.\n[Umgebung erstellen](Befehl:python.createEnvironment)\n**Tipp**: Führen Sie den Befehl ``Python: Umgebung erstellen`` in der [Befehlspalette](Befehl:workbench.action.showCommands).","walkthrough.step.python.createEnvironment.title":"Python-Umgebung erstellen ","walkthrough.step.python.createEnvironment.title2":"Python-Umgebung erstellen oder auswählen ","walkthrough.step.python.createNewNotebook.altText":"Ein neues Jupyter Notebook wird erstellt.","walkthrough.step.python.createNewNotebook.description":"Klicken Sie mit der rechten Maustaste in den Datei-Explorer, und erstellen Sie eine neue Datei mit der Erweiterung \".ipynb\". Oder öffnen Sie die [Befehlspalette](command:workbench.action.showCommands), und führen Sie den Befehl \n\"Jupyter: Neues Leeres Notebook Erstellen\" aus.\n [Neues Jupyter-Notebook erstellen] (command:toSide:jupyter.createnewnotebook)\nWenn Sie über ein vorhandenes Projekt verfügen, können Sie auch [einen Ordner öffnen](command:workbench.action.files.openFolder) und/oder ein Projekt von GitHub klonen: [Git-Repository klonen](command:git.clone).","walkthrough.step.python.createNewNotebook.title":"Erstellen oder Öffnen eines Jupyter Notebooks","walkthrough.step.python.createPythonFile.altText":"Python-Datei oder -Ordner mit einem Python-Projekt öffnen.","walkthrough.step.python.createPythonFile.description":"Python-Datei [öffnen](command:toSide:workbench.action.files.openFile) oder [erstellen](command:toSide:workbench.action.files.newUntitledFile?%7B%22languageId%22%3A%22python%22%7D). Speichern Sie sie unbedingt als \".py\".\n[Python-Datei erstellen](command:toSide:workbench.action.files.newUntitledFile?%7B%22languageId%22%3A%22python%22%7D)","walkthrough.step.python.createPythonFile.title":"Python-Datei erstellen","walkthrough.step.python.createPythonFolder.description":"[Öffnen](command:workbench.action.files.openFolder) oder erstellen Sie einen Projektordner.\n[Projektordner öffnen](command:workbench.action.files.openFolder)","walkthrough.step.python.createPythonFolder.title":"Python-Projektordner öffnen","walkthrough.step.python.dataScienceLearnMore.altText":"Ein Bild, das die Dokumentationsseite und Mailinglistenressourcen darstellt.","walkthrough.step.python.dataScienceLearnMore.description":"📒 Werfen Sie einen Blick auf die [Jupyter-Erweiterung](command:workbench.extensions.search?\" ms-toolsai.jupyter\"), indem Sie in der [Befehlspalette](command:workbench.action.showCommands) nach \"Jupyter\" suchen. \n🏃🏻 Weitere Features finden Sie in unseren [Tutorials](https://aka.ms/AAdjzpd).  \n[Weitere Informationen](https://aka.ms/AAdar6q)","walkthrough.step.python.dataScienceLearnMore.title":"Erfahren Sie mehr!","walkthrough.step.python.installJupyterExt.altText":"Ein neues Jupyter Notebook wird erstellt.","walkthrough.step.python.installJupyterExt.description":"Falls noch nicht geschehen, installieren Sie die [Jupyter-Erweiterung](command:workbench.extensions.search?\" ms-toolsai.jupyter\"), um die Vorteile von Notebooks in VS Code voll zu nutzen!\n\n[Jupyter-Erweiterung suchen] (command:workbench.extensions.search?\" ms-toolsai.jupyter\")","walkthrough.step.python.installJupyterExt.title":"Jupyter-Erweiterung installieren","walkthrough.step.python.installPythonLinux.description":"Die Python-Erweiterung erfordert die Installation von Python. Installieren Sie Python 3 über das Terminal.\n[Python über das Terminal installieren](command:python.installPythonOnLinux)\n","walkthrough.step.python.installPythonLinux.title":"Python installieren","walkthrough.step.python.installPythonMac.description":"Die Python-Erweiterung erfordert die Installation von Python. Installieren Sie Python 3 über das Terminal.\n[Python über Brew installieren](command:python.installPythonOnMac)\n","walkthrough.step.python.installPythonMac.title":"Python installieren","walkthrough.step.python.installPythonWin8.description":"Die Python-Erweiterung erfordert die Installation von Python. Installieren Sie Python [von python.org](https://www.python.org/downloads).\n\n[Python installieren](https://www.python.org/downloads)\n","walkthrough.step.python.installPythonWin8.title":"Python installieren","walkthrough.step.python.learnMoreWithDS.altText":"Ein Bild, das die Dokumentationsseite und Mailinglistenressourcen darstellt.","walkthrough.step.python.learnMoreWithDS.description":"🎨 Erkunden Sie alle Features, die die Python-Erweiterung zu bieten hat, indem Sie in der [Befehlspalette](command:workbench.action.showCommands) nach \"Python\" suchen. \n📈 Weitere Informationen zu den ersten Schritten mit [Data Science](command:workbench.action.openWalkthrough?%7B%22category%22%3A%22ms-python.python%23pythonDataScienceWelcome%22%2C%22step%22%3A%22ms-python.python%23python.createNewNotebook%22%7D) in Python. \n ✨ Sehen Sie sich unsere [Versionshinweise](https://aka.ms/AA8dxtb) an, um mehr über die neuesten Features zu erfahren. \n\n[Weitere Informationen](https://aka.ms/AA8dqti)","walkthrough.step.python.learnMoreWithDS.description2":"~D83C;~DFA8; Erkunden Sie alle Features, die die Python-Erweiterung zu bieten hat, indem Sie in der [Befehlspalette](command:workbench.action.showCommands) nach \"Python\" suchen. \n~D83D;~DCC8; Weitere Informationen zu den ersten Schritten mit [Data Science](command:workbench.action.openWalkthrough?%7B%22category%22%3A%22ms-python.python%23pythonDataScienceWelcome%22%2C%22step%22%3A%22ms-python.python%23python.createNewNotebook%22%7D) in Python. \n ✨ Sehen Sie sich unsere [Versionshinweise](https://aka.ms/AA8dxtb) an, um mehr über die neuesten Features zu erfahren. \n\n[Machen Sie mit beim Python-Tutorial](https://aka.ms/AA8dqti)","walkthrough.step.python.learnMoreWithDS.title":"Weitere Ressourcen erkunden","walkthrough.step.python.openInteractiveWindow.altText":"Python-Interactive-Fenster wird geöffnet","walkthrough.step.python.openInteractiveWindow.description":"Das Python-Interactive-Fenster ist eine Python-Shell, in der Sie die Ergebnisse Ihres Python-Codes ausführen und anzeigen können. Sie können Zellen in einer Python-Datei erstellen, indem Sie \"#%%\" eingeben.\n\nUm das interaktive Fenster jederzeit zu öffnen, öffnen Sie die [Befehlspalette](command:workbench.action.showCommands), und führen Sie den Befehl \n\"Jupyter: Interactive-Fenster erstellen\" aus.\n [Interactive-Fenster öffnen] (command:jupyter.createnewinteractive)","walkthrough.step.python.openInteractiveWindow.title":"Python-Interactive-Fenster öffnen","walkthrough.step.python.runAndDebug.altText":"In VS Code mit F5 oder der Wiedergabeschaltfläche oben rechts ausführen und debuggen.","walkthrough.step.python.runAndDebug.description":"Öffnen Sie Ihre Python-Datei, und klicken Sie oben rechts im Editor auf die Wiedergabeschaltfläche, oder drücken Sie F5, wenn Sie sich in der Datei befinden, und wählen Sie \"Python-Datei\" aus, um sie mit dem Debugger auszuführen. \n\n[Weitere Informationen](https://code.visualstudio.com/docs/python/python-tutorial#_run-hello-world)","walkthrough.step.python.runAndDebug.title":"Python-Datei ausführen und debuggen","walkthrough.step.python.selectInterpreter.altText":"Python-Interpreter in der Statusleiste auswählen","walkthrough.step.python.selectInterpreter.description":"Wählen Sie aus, welchen Python-Interpreter/welche Umgebung Sie für Ihr Python-Projekt verwenden möchten.\n[Python-Interpreter auswählen](command:python.setInterpreter)\n **Tipp**: Führen Sie den Befehl \"Python: Interpreter auswählen\" in der [Befehlspalette](command:workbench.action.showCommands) aus.","walkthrough.step.python.selectInterpreter.title":"Python-Interpreter auswählen"}
